sal_code,sal_name,total_population,completed_year12,total_labour_force,total_unemployed,median_weekly_household_income,served_in_adf,total_volunteers
10001,Aarons Pass,33,8,12,0,1625,6,9
10002,Abbotsbury,4200,2101,2096,59,2621,19,292
10003,Abbotsford (NSW),5431,3039,2797,100,2263,92,672
10004,Abercrombie,1127,476,629,13,2202,20,155
10005,Abercrombie River,21,8,10,0,1024,0,0
10006,Aberdare,2542,652,1167,85,1251,62,198
10007,Aberdeen (NSW),2051,480,982,31,1426,44,200
10008,Aberfoyle,121,48,68,0,2250,0,29
10009,Aberglasslyn,6552,2141,3515,145,2147,161,505
10010,Abermain,2544,535,1179,83,1449,54,175
10011,Abernethy,317,81,174,5,2069,0,34
10012,Abington (NSW),29,9,17,0,2374,0,8
10013,Acacia Creek,30,10,12,0,949,4,3
10014,Acacia Gardens,3668,2051,2080,93,2796,31,315
10015,Adaminaby,339,95,144,13,954,11,55
10016,Adamstown,6335,3087,3643,159,1875,225,751
10017,Adamstown Heights,5621,2745,2947,86,2325,157,765
10018,Adelong,938,275,437,26,1158,29,184
10019,Adjungbilly,101,27,47,0,2312,0,14
10020,Afterlee,32,3,11,0,762,6,9
10021,Agnes Banks,996,304,518,7,2454,19,82
10022,Airds,3265,843,842,115,944,31,109
10023,Akolele,165,46,54,9,778,3,29
10024,Albert,77,23,41,0,1187,0,21
10025,Albion Park,13826,4406,7167,231,1938,255,1119
10026,Albion Park Rail,6920,1835,3085,158,1411,143,537
10027,Albury,4955,2454,2635,107,1601,139,940
10028,Aldavilla,1443,177,307,11,1222,22,97
10029,Alectown,151,50,86,0,1803,4,43
10030,Alexandria,9649,7145,6964,227,2654,224,1157
10031,Alfords Point,3131,1623,1664,38,2969,43,309
10032,Alfredtown,80,30,57,0,2624,4,18
10033,Alice,4,3,0,0,1074,0,0
10034,Alison (Central Coast - NSW),85,29,40,3,2249,3,8
10035,Alison (Dungog - NSW),99,42,51,4,1375,4,23
10036,Allambie Heights,7317,3812,3720,121,2890,130,1033
10037,Allandale (NSW),68,23,41,0,2124,3,0
10038,Allawah,5351,3434,2823,169,1774,26,379
10039,Alleena,60,20,35,0,1875,0,17
10040,Allgomera,139,36,68,11,949,0,14
10041,Allworth,190,33,83,0,1213,9,16
10042,Allynbrook,54,21,28,0,1083,4,12
10043,Alma Park,58,11,29,0,1833,0,17
10044,Alpine,141,73,81,0,2291,6,35
10045,Alstonvale,431,201,239,10,2038,11,79
10046,Alstonville,5912,2262,2548,87,1312,206,978
10047,Alumy Creek,86,25,42,0,1281,0,9
10048,Amaroo (NSW),44,17,21,0,2166,0,0
10049,Ambarvale,7254,2459,2844,240,1431,99,408
10050,Amosfield,40,11,15,0,1249,0,9
10051,Anabranch North,6,3,7,0,3250,0,5
10052,Anabranch South,41,14,21,0,1125,0,12
10053,Anambah,64,16,28,0,3049,0,13
10054,Ando,49,19,29,3,2250,0,6
10055,Anembo,72,27,37,0,2083,4,8
10056,Angledale,167,53,82,0,1474,4,37
10057,Angledool,34,7,10,0,825,0,7
10058,Anglers Reach,78,26,22,0,900,14,18
10059,Angourie,192,103,92,3,1437,4,39
10060,Angus,384,92,167,6,1890,9,14
10061,Anna Bay,4221,1306,1714,76,1189,192,512
10062,Annandale (NSW),9487,6273,5618,215,2683,113,1431
10063,Annangrove,1472,669,785,30,2650,21,182
10064,Appin (NSW),3213,1005,1606,43,2423,44,274
10065,Apple Tree Flat,46,14,22,0,1375,0,6
10066,Appleby,35,7,21,0,1812,0,6
10067,Appletree Flat,16,7,11,0,1375,0,3
10068,Apsley (NSW),116,40,53,0,1437,0,33
10069,Arable,21,5,8,0,3125,0,0
10070,Arakoon,445,172,180,12,1321,18,78
10071,Araluen (NSW),209,82,100,5,1042,13,56
10072,Aratula (NSW),4,3,3,0,0,0,0
10073,Arcadia (NSW),1475,729,758,18,2659,32,258
10074,Arcadia Vale,1431,469,709,40,1550,42,165
10075,Ardglen,50,8,23,0,1041,3,3
10076,Arding,182,83,93,0,1328,6,46
10077,Ardlethan,472,114,174,18,786,16,107
10078,Argalong,16,0,11,0,1999,0,3
10079,Argenton,1352,367,621,33,1318,30,73
10080,Argents Hill,207,59,87,9,1042,8,31
10081,Argoon,16,7,5,0,2750,0,4
10082,Ariah Park,439,115,188,7,1010,21,164
10083,Arkell,36,13,25,0,1593,0,4
10084,Arkstone,24,0,12,0,1625,0,0
10085,Armatree,164,48,68,4,1333,0,37
10086,Armidale,23967,10795,11030,627,1432,500,3935
10087,Arncliffe,12023,6460,5814,340,2046,95,785
10088,Arndell Park,6,3,6,0,1375,0,0
10089,Arrawarra,591,184,181,18,718,29,73
10090,Arrawarra Headland,615,296,314,9,1605,20,115
10091,Artarmon,9417,6191,5133,246,2420,95,1266
10092,Arthurville,47,21,28,0,2166,0,7
10093,Arumpo,40,14,21,0,1843,0,5
10094,Ashbury,3353,1794,1653,51,2571,30,358
10095,Ashby (NSW),316,106,94,3,1113,12,55
10096,Ashby Heights,292,107,117,11,1233,9,50
10097,Ashby Island,18,3,11,0,1024,0,0
10098,Ashcroft,3634,1108,957,120,1089,30,139
10099,Ashfield (NSW),23012,15147,12728,802,1888,196,2268
10100,Ashford (NSW),659,134,247,24,855,20,85
10101,Ashley,351,86,184,5,1899,3,38
10102,Ashmont,3747,845,1430,127,994,107,268
10103,Ashtonfield,4589,1709,2484,88,2148,142,447
10104,Asquith,6160,3715,3387,122,2300,63,673
10105,Atholwood,68,16,28,0,1406,0,14
10106,Attunga,542,148,287,6,1428,11,60
10107,Auburn (NSW),39333,19878,15017,1719,1533,99,1809
10108,Auburn Vale,127,49,69,0,1812,0,19
10109,Austinmer,2725,1552,1370,53,2586,58,490
10110,Austral,6847,2999,3082,131,2168,35,303
10111,Austral Eden,145,27,71,0,1375,4,14
10112,Avalon Beach,10379,5861,5153,187,2481,162,1610
10113,Avisford,45,7,14,0,1124,6,3
10114,Avoca (NSW),208,94,114,0,2250,0,32
10115,Avoca Beach,4708,2298,2377,62,2358,95,733
10116,Avon (NSW),0,0,0,0,0,0,0
10117,Avondale (NSW),1695,555,801,30,1524,28,151
10118,Avonside,157,78,96,0,2250,0,30
10119,Awaba,430,126,224,12,1726,7,57
10120,Aylmerton,195,78,124,4,1825,5,22
10121,Baan Baa,166,36,76,10,1770,3,17
10122,Babinda (NSW),14,3,6,0,1875,4,6
10123,Babyl Creek,4,0,4,0,575,0,0
10124,Back Creek (Bland - NSW),54,13,22,0,2250,0,13
10125,Back Creek (Gwydir - NSW),20,3,9,0,2250,0,4
10126,Back Creek (Mid-Coast - NSW),20,6,7,0,1375,0,5
10127,Back Creek (Queanbeyan-Palerang Regional - NSW),7,3,3,0,900,0,3
10128,Back Creek (Tenterfield - NSW),4,0,0,0,575,5,0
10129,Back Creek (Tweed - NSW),27,6,14,0,1062,0,0
10130,Back Forest,91,50,46,0,1374,3,16
10131,Backmede,153,54,80,0,1843,4,23
10132,Backwater,19,9,8,0,900,0,0
10133,Badgerys Creek,168,38,58,0,1271,6,9
10134,Badja,9,7,4,0,1187,0,6
10135,Baerami,93,21,39,0,1208,3,8
10136,Baerami Creek,27,4,17,0,1416,0,5
10137,Bagnoo,43,12,23,0,1437,0,8
10138,Bago,45,12,17,0,2083,0,0
10139,Bagotville,60,17,36,0,1749,0,8
10140,Bakers Creek (Mid-Coast - NSW),41,14,16,0,1375,0,6
10141,Bakers Creek (Nambucca Valley - NSW),24,3,6,0,366,0,3
10142,Bakers Creek (Uralla - NSW),13,3,12,0,1937,0,3
10143,Bakers Swamp,60,29,29,0,1791,0,11
10144,Balaclava (NSW),574,221,298,7,2023,18,58
10145,Balala,122,42,59,0,1375,9,30
10146,Balcolyn,1002,312,450,32,1525,30,108
10147,Bald Blair,53,12,28,0,1416,3,10
10148,Bald Hills (NSW),321,106,167,0,1487,11,64
10149,Bald Nob,20,8,12,0,1375,0,15
10150,Bald Ridge,17,5,7,0,1574,0,0
10151,Baldersleigh,55,21,31,0,1562,0,13
10152,Baldry,67,19,38,0,1625,0,14
10153,Balfours Peak,45,12,18,0,1012,0,6
10154,Balgowlah,8068,4931,4390,139,2681,117,1187
10155,Balgowlah Heights,3546,2104,1744,69,4687,50,652
10156,Balgownie,5722,2513,2735,99,1912,105,682
10157,Balickera,18,0,12,0,2749,0,0
10158,Balladoran,140,31,64,0,1350,0,23
10159,Ballalaba,29,10,10,0,1125,0,3
10160,Balldale,168,32,59,0,1218,7,23
10161,Ballengarra,97,38,57,0,1483,8,14
10162,Ballimore,240,80,129,3,1857,3,49
10163,Ballina,9735,3240,3670,147,1013,390,1182
10164,Ballyroe,3,0,0,0,725,0,0
10165,Balmain,10454,6789,5942,238,3039,153,1654
10166,Balmain East,1900,1274,1024,41,3020,34,319
10167,Balmoral (Lake Macquarie - NSW),730,293,386,20,1931,18,74
10168,Balmoral (Wingecarribee - NSW),469,148,272,9,2147,14,53
10169,Balranald,1240,324,549,20,1197,20,284
10170,Bamarang,35,17,21,0,949,0,13
10171,Banda Banda,0,0,0,0,0,0,0
10172,Bandon Grove,135,42,68,0,1624,0,27
10173,Bangadang,11,6,3,0,1499,0,4
10174,Bangalee (NSW),818,344,405,12,2181,56,116
10175,Bangalow,2752,1336,1366,45,2097,28,426
10176,Bangheet,37,14,25,0,1562,0,10
10177,Bango,122,53,64,0,2625,5,22
10178,Bangor (NSW),5536,2657,2845,72,2626,108,708
10179,Banksia,3277,1688,1575,94,2018,21,243
10180,Banksmeadow,508,319,286,10,2225,7,36
10181,Bankstown,34933,17509,12794,1326,1331,92,1617
10182,Bankstown Aerodrome,5,0,3,0,1999,0,0
10183,Bannaby,47,11,31,0,1125,4,10
10184,Bannister (NSW),141,47,80,0,2250,6,30
10185,Banoon,19,10,13,0,1208,0,5
10186,Banora Point,16460,5787,7073,301,1268,623,1738
10187,Banyabba,31,3,14,0,1312,0,3
10188,Bar Beach,1292,797,753,41,2300,28,202
10189,Bar Point,122,54,41,4,1125,3,15
10190,Bara,19,9,11,0,1125,0,0
10191,Baradine,783,148,288,12,1034,15,96
10192,Barangaroo,220,156,128,3,4591,0,26
10193,Barcoongere,0,0,0,0,0,0,0
10194,Barden Ridge,4129,2050,2393,62,3134,48,435
10195,Bardia,5747,2983,2724,135,2417,43,309
10196,Bardwell Park,2320,1328,1181,46,2386,33,231
10197,Bardwell Valley,2344,1167,1037,45,2099,31,183
10198,Barellan,459,108,222,9,1262,9,107
10199,Bargo,4516,1252,2155,77,1736,101,410
10200,Barham,1569,436,671,21,995,56,296
10201,Barigan,0,0,0,0,0,0,0
10202,Barkers Vale,196,98,58,3,784,6,35
10203,Barmedman,404,103,139,3,864,14,81
10204,Barneys Reef,0,0,0,0,0,0,0
10205,Barnsley,1735,430,953,41,1784,35,124
10206,Barooga,1888,596,899,28,1375,52,280
10207,Barraba,1329,326,464,34,776,44,261
10208,Barrack Heights,6003,1694,2571,151,1340,99,382
10209,Barrack Point,725,258,350,14,1836,10,86
10210,Barraganyatti,150,53,53,5,1149,9,16
10211,Barragga Bay,91,48,42,4,1187,3,33
10212,Barratta (NSW),12,6,7,0,2249,0,0
10213,Barren Grounds,0,0,0,0,0,0,0
10214,Barrengarry,214,108,111,4,2062,11,58
10215,Barretts Creek,12,0,8,0,749,0,5
10216,Barringella,30,10,22,0,2624,0,0
10217,Barrington (NSW),394,112,161,0,1262,15,78
10218,Barrington Tops,0,0,0,0,350,0,0
10219,Barry (Blayney - NSW),153,49,87,5,1437,9,20
10220,Barry (Tamworth Regional - NSW),0,0,0,0,0,0,0
10221,Barwang,139,62,72,3,1875,3,31
10222,Baryulgil,20,0,0,0,725,0,3
10223,Basin View,1583,476,676,34,1244,79,181
10224,Bass Hill,10230,3983,3269,283,1411,65,504
10225,Bassendean (NSW),5,4,5,0,0,0,0
10226,Batar Creek,93,41,39,0,2071,0,25
10227,Bateau Bay,12516,4409,5472,232,1475,266,1118
10228,Batehaven,1911,604,733,44,1128,69,245
10229,Batemans Bay,1573,448,545,31,791,53,152
10230,Bathampton,40,22,24,0,1625,0,8
10231,Bathurst,7001,3200,3538,198,1209,173,914
10232,Batlow,1270,345,534,29,1064,29,171
10233,Baulkham Hills,37415,20898,18875,836,2474,451,3895
10234,Baw Baw (NSW),271,117,139,3,2178,10,42
10235,Bawley Point,844,365,324,13,1240,34,173
10236,Baxters Ridge,0,0,0,0,0,0,0
10237,Bayview (NSW),3807,2084,1505,59,1885,94,582
10238,Beacon Hill,7814,4168,4193,130,2937,119,955
10239,Beaconsfield (NSW),1172,860,853,16,3061,23,102
10240,Bean Creek,56,12,22,0,762,0,13
10241,Bearbong,72,17,34,0,1437,0,12
10242,Beaumont (NSW),117,75,58,6,1875,6,44
10243,Beaumont Hills,9041,5235,5078,219,3308,107,890
10244,Beckom,123,35,65,0,1125,3,36
10245,Bective,194,70,115,3,1575,3,31
10246,Bectric,53,9,24,0,1208,0,11
10247,Bedgerabong,127,34,61,0,1375,4,23
10248,Beechwood,914,292,445,23,1516,25,98
10249,Beecroft,10291,6350,5038,214,2962,182,1780
10250,Beecroft Peninsula,0,0,0,0,725,0,0
10251,Beelbangera,358,90,182,0,1786,4,36
10252,Beemunnel,34,10,20,0,2749,0,3
10253,Bega,5013,1484,2134,79,1196,109,689
10254,Beggan Beggan,128,54,70,0,2139,0,30
10255,Belanglo,22,10,8,0,2250,0,5
10256,Belbora,123,35,61,4,971,7,19
10257,Belfield,6555,3199,2696,118,1727,50,473
10258,Belford,176,53,101,0,2833,0,24
10259,Belfrayden,12,4,6,0,575,0,0
10260,Belgravia,124,44,64,0,2083,0,19
10261,Belimbla Park,576,171,289,4,2213,11,56
10262,Bell (NSW),44,17,17,0,1149,0,10
10263,Bella Vista,8384,5282,4595,189,3518,65,890
10264,Bellambi,4039,1270,1630,107,1183,63,332
10265,Bellangry,114,32,57,3,1149,7,11
10266,Bellata,266,71,124,3,1284,7,29
10267,Bellawongarah,116,77,40,0,2187,4,19
10268,Bellbird,2338,539,1053,69,1427,44,131
10269,Bellbird Heights,805,248,374,13,1487,19,76
10270,Bellbrook,339,75,120,10,858,8,68
10271,Bellevue Hill,10590,7228,5717,182,3315,102,1816
10272,Bellimbopinni,82,24,50,0,1187,4,10
10273,Bellingen,3923,1618,1717,106,1268,74,705
10274,Bellmount Forest,120,59,71,0,2812,7,38
10275,Belltrees,37,21,17,0,2750,0,7
10276,Belmont (NSW),7289,2481,3247,169,1280,223,773
10277,Belmont North,6291,2032,3141,139,1739,170,633
10278,Belmont South,1053,295,501,44,1239,23,80
10279,Belmore,13781,6829,5565,405,1456,63,768
10280,Belmore River,268,66,110,0,1292,6,34
10281,Beloka,20,8,14,0,2750,0,5
10282,Belowra,5,0,6,0,1499,0,0
10283,Belrose,8726,4618,4178,120,2598,175,1262
10284,Bemboka,589,181,248,17,1015,23,114
10285,Ben Bullen,71,21,37,0,1562,5,10
10286,Ben Lomond (NSW),135,49,64,5,1231,0,29
10287,Benandarah,165,48,70,4,1025,8,13
10288,Bendalong,135,55,44,0,1224,5,19
10289,Bendemeer,486,144,203,6,1021,11,90
10290,Bendick Murrell,143,48,68,0,1152,4,20
10291,Bendolba,253,64,113,6,1625,8,29
10292,Bendoura,108,44,53,0,1416,0,24
10293,Benerembah,140,30,56,5,2125,0,13
10294,Bengalla,16,6,10,0,1875,0,0
10295,Bennetts Green,0,0,0,0,900,0,0
10296,Benolong,76,26,44,0,1843,4,14
10297,Bensville,2500,1075,1300,45,2176,39,307
10298,Bentley (NSW),225,69,111,3,1212,10,36
10299,Berala,8757,4376,3526,323,1552,40,515
10300,Berambing,104,46,59,0,2035,0,16
10301,Beresfield,3267,898,1512,81,1257,109,251
10302,Bergalia,180,75,87,7,1541,4,30
10303,Berkeley,7798,2329,3077,192,1217,120,549
10304,Berkeley Vale,8951,3087,4465,174,1791,191,704
10305,Berkshire Park,2149,260,501,19,2036,10,95
10306,Berlang,0,0,0,0,0,0,0
10307,Bermagui,1865,749,703,24,1022,59,383
10308,Berowra,4762,2537,2622,76,2781,86,755
10309,Berowra Heights,5286,2675,2803,87,2468,102,853
10310,Berowra Waters,169,110,76,0,1812,8,32
10311,Berrambool,486,200,224,6,1136,11,78
10312,Berrara,333,117,135,3,1269,15,61
10313,Berremangra,87,25,54,0,1541,5,21
10314,Berrico,33,12,10,0,1406,0,6
10315,Berridale,1300,499,644,17,1455,40,219
10316,Berrigal,39,14,23,0,612,0,9
10317,Berrigan,1264,328,497,21,980,46,291
10318,Berrilee,212,115,108,3,2349,0,30
10319,Berrima,813,382,368,5,2100,24,155
10320,Berringer Lake,30,6,14,0,900,0,0
10321,Berry,3098,1373,1223,42,1495,122,632
10322,Berry Jerry,82,27,53,0,2156,0,35
10323,Berry Mountain,29,21,9,0,2250,0,11
10324,Berry Park,182,65,78,0,1125,6,23
10325,Berthong,65,29,38,0,2250,0,7
10326,Beryl,117,24,42,0,1583,0,12
10327,Bethungra,137,39,67,0,1016,3,32
10328,Bevendale,45,5,20,0,1208,0,3
10329,Beverley Park,2646,1343,1163,34,2242,25,193
10330,Beverly Hills,10483,5700,4707,283,1862,83,887
10331,Bewong,80,26,39,0,1774,3,4
10332,Bexhill,528,200,263,11,1704,8,86
10333,Bexley,19646,10006,8750,462,1870,152,1344
10334,Bexley North,4281,2232,1935,103,1894,37,318
10335,Biala,84,33,44,0,2125,0,18
10336,Bibbenluke,82,20,43,0,1357,3,14
10337,Biddon,123,28,60,0,1300,5,22
10338,Bidgeemia,32,17,24,0,2250,0,12
10339,Bidwill (NSW),4202,976,1057,150,899,43,161
10340,Bielsdown Hills,104,39,63,0,1343,0,18
10341,Big Hill (NSW),78,24,29,0,2333,3,8
10342,Big Jacks Creek,61,28,45,0,2124,0,18
10343,Big Ridge,16,3,4,0,1666,0,0
10344,Big Springs,135,47,75,0,1708,4,29
10345,Bigga,268,93,107,4,875,0,46
10346,Bilambil,441,166,209,15,1385,18,58
10347,Bilambil Heights,3491,1336,1692,94,1562,101,369
10348,Bilbul,586,162,334,9,2025,5,79
10349,Bilgola Beach,251,163,108,0,4299,4,49
10350,Bilgola Plateau,3650,2074,1881,61,2856,60,538
10351,Billeroy,31,14,22,0,1875,0,5
10352,Billilingra,7,0,9,0,2250,0,0
10353,Billimari,117,30,56,0,1375,9,25
10354,Billinudgel,261,87,109,0,1474,0,33
10355,Billys Creek,79,27,33,3,491,0,22
10356,Billywillinga,196,84,103,3,1843,6,38
10357,Bilpin,653,244,312,3,1692,23,141
10358,Bimberi,0,0,0,0,0,0,0
10359,Bimbi,71,16,30,0,1781,0,9
10360,Bimbimbie,113,35,54,0,1666,0,15
10361,Binalong,550,221,254,3,1433,19,100
10362,Binda,291,84,141,4,1325,12,37
10363,Bindera,32,10,6,0,962,0,7
10364,Bingara,1318,305,439,33,853,48,263
10365,Bingeebeebra Creek,39,6,12,0,1333,0,3
10366,Bingie,205,97,79,7,1125,3,45
10367,Bingleburra,36,13,12,0,900,5,14
10368,Biniguy,159,44,74,0,1474,7,13
10369,Binjura,339,142,172,0,2042,11,61
10370,Binna Burra (NSW),223,96,103,7,2113,7,32
10371,Binnaway,658,155,234,27,782,22,127
10372,Binya,122,47,72,0,1875,0,34
10373,Birchgrove,3228,2177,1765,60,3603,52,667
10374,Birdwood (NSW),34,9,16,0,624,3,3
10375,Birganbigil,59,15,34,0,1600,0,12
10376,Birmingham Gardens,2598,1303,1447,110,1468,41,274
10377,Birriwa,45,10,23,0,1624,0,14
10378,Birrong,3331,1544,1213,110,1575,30,178
10379,Bishops Bridge,218,74,125,0,1949,5,23
10380,Bithramere,163,59,82,3,1625,3,23
10381,Black Creek (Port Macquarie-Hastings - NSW),47,24,29,0,1416,0,11
10382,Black Creek (Snowy Valleys - NSW),16,5,9,0,1375,0,0
10383,Black Head,972,367,300,11,1053,66,215
10384,Black Hill (NSW),516,202,278,9,2980,12,60
10385,Black Hollow,11,5,8,0,1375,0,0
10386,Black Mountain (NSW),291,145,159,9,1768,5,69
10387,Black Range (NSW),230,75,119,7,1625,0,45
10388,Black Springs (NSW),227,55,88,0,1774,4,34
10389,Blackalls Park,2812,872,1311,61,1422,94,298
10390,Blackbutt (NSW),3291,1221,1603,77,1604,55,241
10391,Blackett,3586,934,1101,101,1174,38,157
10392,Blackheath,4672,2471,2030,85,1332,146,906
10393,Blackmans Flat,22,3,12,0,2250,3,8
10394,Blackmans Point,178,52,67,8,737,3,29
10395,Blacksmiths,1881,547,855,52,1252,49,237
10396,Blacktown,50961,25159,23512,1672,1774,446,3231
10397,Blackville,128,36,57,11,1416,0,27
10398,Blackwall (NSW),1941,738,867,37,1449,38,191
10399,Blair Athol (NSW),2725,1474,1439,94,2389,25,206
10400,Blairmount,409,172,170,7,1792,15,21
10401,Blakebrook,132,39,81,0,1825,4,20
10402,Blakehurst,6652,3667,3134,102,2474,71,564
10403,Blakney Creek,92,41,53,0,2374,0,21
10404,Bland,61,11,25,0,1437,0,17
10405,Blandford,205,72,112,0,1449,8,47
10406,Blaxland (NSW),7434,3591,3727,134,2171,199,1220
10407,Blaxlands Creek,113,38,53,6,1531,4,17
10408,Blaxlands Ridge,589,199,322,3,2764,12,71
10409,Blayney,3448,947,1618,101,1383,81,408
10410,Bligh Park,6220,2097,3411,120,2029,181,523
10411,Blighty,192,57,95,3,1374,0,38
10412,Blowering,3,0,0,0,450,0,0
10413,Blue Bay,1060,420,494,34,1323,20,117
10414,Blue Haven,6563,1829,3055,184,1608,127,342
10415,Blue Knob,210,91,60,4,739,3,38
10416,Blue Mountains National Park,0,0,0,0,1625,0,0
10417,Blue Nobby,25,11,16,0,1624,0,9
10418,Blue Vale,81,31,46,0,2083,0,7
10419,Blueys Beach,242,104,100,0,1275,4,38
10420,Boambee,1770,719,917,39,2048,47,291
10421,Boambee East,5304,1785,2522,123,1407,153,637
10422,Boambolo,79,34,35,0,2312,5,15
10423,Boat Harbour (Lismore - NSW),19,3,7,0,2374,0,0
10424,Boat Harbour (Port Stephens - NSW),993,414,501,25,1741,39,150
10425,Bobadah,30,15,25,0,1937,0,4
10426,Bobin,141,55,63,3,1083,0,24
10427,Bobs Creek,119,37,57,0,1531,0,15
10428,Bobs Farm,662,185,255,13,1211,23,81
10429,Bobundara,27,12,21,0,900,0,8
10430,Boco,16,6,5,0,2499,0,0
10431,Bocoble,132,35,51,6,1359,4,10
10432,Bocobra,60,18,33,4,1375,3,12
10433,Bodalla,808,278,358,19,1181,28,113
10434,Bodangora,74,23,38,0,1187,3,9
10435,Boeill Creek,89,32,60,0,2399,0,19
10436,Bogan,44,10,31,0,1166,0,14
10437,Bogan Gate,269,62,106,9,1260,8,54
10438,Bogangar,3313,1316,1648,64,1595,75,402
10439,Bogee,82,26,24,0,933,0,14
10440,Boggabilla,1022,190,271,43,1105,8,99
10441,Boggabri,1203,272,514,25,1506,23,190
10442,Bogong Peaks Wilderness,0,0,0,0,0,0,0
10443,Bohena Creek,214,39,101,0,2125,8,18
10444,Bohnock,83,29,36,0,1625,0,4
10445,Bolaro,31,16,10,0,774,0,11
10446,Bolivia,74,25,40,0,866,0,17
10447,Bolong,94,29,50,5,1625,4,18
10448,Bolton Point,2124,637,815,66,1217,71,232
10449,Bolwarra (NSW),1350,559,695,28,2217,27,171
10450,Bolwarra Heights,3436,1381,1825,54,2546,105,434
10451,Bom Bom,0,0,0,0,1625,0,0
10452,Bomaderry,6738,2020,2736,142,1119,389,768
10453,Bombah Point,24,4,10,0,2749,0,4
10454,Bombala,1372,364,637,22,1277,41,231
10455,Bombay,142,65,63,0,2042,7,29
10456,Bombira,504,202,258,0,2903,12,75
10457,Bombo,175,77,98,6,2594,4,13
10458,Bombowlee,291,98,162,9,1800,11,50
10459,Bombowlee Creek,52,20,35,0,2333,0,3
10460,Bomen,40,22,25,0,1875,0,12
10461,Bonalbo,338,103,107,11,668,8,65
10462,Bondi,10411,7319,6366,268,2546,103,1240
10463,Bondi Beach,11513,8362,7542,296,2795,105,1496
10464,Bondi Forest,0,0,0,0,0,0,0
10465,Bondi Junction,10361,7089,5993,260,2379,134,1118
10466,Bonnells Bay,4066,1334,1801,103,1460,92,476
10467,Bonnet Bay,2238,1235,1209,38,3087,54,347
10468,Bonny Hills,3045,1187,1419,54,1421,102,570
10469,Bonnyrigg,9785,4088,3291,271,1393,27,443
10470,Bonnyrigg Heights,7369,3361,2946,214,1930,22,314
10471,Bonshaw (NSW),133,36,62,6,1042,0,31
10472,Bonville,2939,1090,1481,53,1829,86,400
10473,Booerie Creek,130,52,70,0,1458,3,21
10474,Book Book,130,39,60,3,1843,5,18
10475,Booker Bay,1442,529,519,24,1218,48,165
10476,Bookham,127,56,71,0,1375,0,32
10477,Bookookoorara,0,0,0,0,0,0,0
10478,Bookram,0,0,0,0,0,0,0
10479,Boolambayte,85,16,27,0,1062,3,5
10480,Boolaroo,1636,550,819,31,1504,60,144
10481,Boolcarroll,25,5,12,0,3249,0,7
10482,Booligal,98,39,54,0,1812,0,30
10483,Boolijah,0,0,0,0,0,0,0
10484,Boomanoomana,116,38,62,0,2050,5,29
10485,Boomerang Beach,423,183,190,6,1454,4,55
10486,Boomey,88,29,41,0,1687,0,13
10487,Boomi,207,43,70,4,1343,3,30
10488,Boomi Creek,14,7,10,0,1374,0,5
10489,Boona Mount,46,10,32,0,1125,0,17
10490,Boonal,51,18,26,0,1708,0,9
10491,Boonoo Boonoo,19,6,3,0,743,0,0
10492,Boorabee Park,146,51,73,0,2017,8,20
10493,Booragul,1623,417,574,33,1114,53,124
10494,Booral (NSW),457,134,224,14,1607,17,48
10495,Boorga,27,3,17,0,2749,0,8
10496,Boorganna,24,5,3,0,762,0,0
10497,Boorolong,71,31,41,0,1562,0,13
10498,Boorook,20,7,10,0,899,0,3
10499,Boorooma,1741,922,1035,26,2399,59,218
10500,Booroorban,36,20,26,0,1874,0,11
10501,Boorowa,1888,568,738,23,1199,41,309
10502,Bootawa,174,69,83,7,1204,6,46
10503,Booti Booti,0,0,0,0,0,0,0
10504,Booyong,84,40,46,0,1792,0,8
10505,Bora Ridge,107,26,44,9,1292,4,17
10506,Borah Creek,22,8,10,0,524,0,4
10507,Borambola,117,34,68,0,1625,4,21
10508,Border Ranges,0,0,0,0,0,0,0
10509,Boree,93,38,54,0,2083,0,20
10510,Boree Creek,204,47,96,0,1233,5,32
10511,Borenore,476,212,275,5,2480,10,88
10512,Boro,97,38,55,0,2535,4,17
10513,Bossley Park,15492,6275,5248,379,1542,75,802
10514,Bostobrick,132,51,51,0,974,5,21
10515,Botany,12960,6908,7228,234,2373,300,1083
10516,Botobolar,131,38,60,0,2249,4,19
10517,Bottle Creek,42,11,14,0,725,0,9
10518,Bouddi,5,0,0,0,1249,0,0
10519,Bourbah,42,15,23,0,1375,0,12
10520,Bourke,1699,450,717,24,1560,25,170
10521,Bourkelands,3113,1296,1715,43,2203,148,388
10522,Bournda,127,37,64,0,1437,6,31
10523,Bournewood,60,11,26,0,1800,0,20
10524,Bow Bowing,1606,758,824,45,2108,16,103
10525,Bowan Park,106,49,57,0,2624,3,25
10526,Bowen Mountain,1609,665,885,14,2235,48,199
10527,Bowenfels,2049,422,656,73,917,40,158
10528,Bowling Alley Point,21,6,6,0,1649,0,0
10529,Bowman,139,41,53,0,1281,3,33
10530,Bowman Farm,41,12,20,0,949,0,13
10531,Bowmans Creek,17,6,9,0,1249,0,5
10532,Bowna,115,51,69,0,2187,0,27
10533,Bowning,619,259,320,7,1888,27,121
10534,Bowral,10764,5556,4488,128,1535,406,1839
10535,Bowraville,1157,269,407,38,947,37,164
10536,Box Head,0,0,0,0,0,0,0
10537,Box Hill (NSW),6450,3486,3595,122,2881,50,374
10538,Boxers Creek,259,58,124,4,1458,6,28
10539,Boydtown,75,16,31,5,739,5,13
10540,Bradbury (NSW),9433,3398,3968,249,1557,167,665
10541,Braefield,64,19,35,0,1624,3,11
10542,Braemar,966,399,503,13,1930,17,87
10543,Braemar Bay,16,4,6,0,899,0,3
10544,Braidwood,1720,752,789,25,1412,70,360
10545,Brandy Hill,713,278,389,10,2384,35,85
10546,Branxton,2255,694,1164,24,2266,56,238
10547,Braunstone,284,91,129,11,1660,5,46
10548,Brawboy,18,6,16,0,1812,0,5
10549,Bray Park (NSW),822,240,338,20,1014,17,95
10550,Brays Creek,119,53,46,0,1149,0,17
10551,Brayton,208,65,96,0,1812,0,21
10552,Breadalbane (NSW),107,46,69,0,2437,0,26
10553,Breakfast Creek,44,23,21,0,1093,0,17
10554,Breakfast Point,4678,2979,2449,73,2303,94,548
10555,Bream Beach,9,4,4,0,2999,0,0
10556,Bredbo,392,127,212,3,2234,25,75
10557,Breelong,85,16,43,0,1300,0,16
10558,Breeza,124,35,58,0,1625,0,19
10559,Bretti,24,3,10,0,1125,3,6
10560,Brewarrina,931,198,321,23,1004,9,81
10561,Brewongle,151,52,84,4,2125,5,13
10562,Briarbrook,19,5,7,0,1375,0,0
10563,Bribbaree,144,32,65,3,885,10,32
10564,Bridgman,242,55,135,7,2650,6,32
10565,Brierfield,322,141,150,0,1604,7,74
10566,Brighton-Le-Sands,8336,4411,3946,212,1582,80,636
10567,Brightwaters,875,297,384,17,1419,21,104
10568,Bril Bril,0,0,0,0,0,0,0
10569,Brimbin,75,34,38,0,933,0,10
10570,Brindabella,24,20,6,0,1124,0,13
10571,Brinerville,0,0,0,0,0,0,0
10572,Bringelly,2433,763,1057,26,1833,20,135
10573,Bringenbrong,48,14,29,0,2083,0,17
10574,Brisbane Grove,147,47,80,3,2291,9,21
10575,Broadmeadow,1688,845,978,55,1653,50,160
10576,Broadwater (Bega Valley - NSW),148,46,66,0,1812,9,14
10577,Broadwater (Richmond Valley - NSW),670,183,310,11,1071,30,88
10578,Broadway,63,24,23,0,1468,3,11
10579,Brobenah,12,4,8,0,2749,0,6
10580,Brocklehurst,308,77,157,6,1890,3,29
10581,Brocklesby,218,62,102,3,1268,9,46
10582,Brockley,51,18,31,0,1875,0,14
10583,Brodies Plains,56,13,27,5,1291,0,6
10584,Brogans Creek,4,0,0,0,900,0,6
10585,Brogers Creek,49,32,26,0,2625,0,10
10586,Brogo,581,228,274,7,1214,15,118
10587,Broke (NSW),557,184,260,4,1718,20,73
10588,Broken Head,385,215,171,3,1687,3,80
10589,Broken Hill,17706,4187,7660,422,1176,464,1974
10590,Brombin,127,43,70,0,1656,4,21
10591,Bronte,7166,4533,3991,104,3365,84,1091
10592,Brookdale (NSW),50,13,26,0,2749,0,7
10593,Brookfield (NSW),224,67,105,3,2049,6,39
10594,Brooklana,42,9,20,0,1187,0,0
10595,Brooklet,253,125,130,0,2083,8,39
10596,Brooklyn (NSW),737,375,406,13,2062,20,139
10597,Brookong,21,6,18,0,2250,0,8
10598,Brookvale,3389,1983,2090,73,2127,43,290
10599,Brooman,26,14,15,0,1062,0,9
10600,Brooms Head,271,81,106,3,823,10,37
10601,Broughams Gate,34,9,22,0,2124,0,7
10602,Broughton (NSW),85,40,48,0,2550,0,20
10603,Broughton Vale,180,99,74,0,2143,6,48
10604,Broughton Village,95,46,63,0,1937,0,11
10605,Broulee,1947,872,818,28,1355,89,365
10606,Brownlow Hill,384,159,175,10,2349,0,49
10607,Browns Creek,120,45,76,0,2874,0,23
10608,Browns Mountain,20,12,7,0,1249,0,6
10609,Brownsville,524,158,238,20,1160,13,60
10610,Brucedale,184,82,115,0,2750,0,37
10611,Bruie Plains,28,4,20,0,1625,0,5
10612,Bruinbun,34,7,15,0,1374,0,13
10613,Brumby Plains,0,0,0,0,1125,0,0
10614,Brundee,49,12,28,0,1791,0,9
10615,Brungle,146,17,59,9,1437,0,20
10616,Brungle Creek,28,8,20,0,1375,0,8
10617,Brunkerville,216,81,111,5,2250,7,31
10618,Brunswick Heads,1905,905,911,50,1280,24,378
10619,Brushgrove,181,58,59,0,1135,9,38
10620,Brushy Creek,37,15,24,0,1125,0,12
10621,Buangla,0,0,0,0,0,0,0
10622,Bucca (NSW),614,186,290,18,1740,12,59
10623,Bucca Wauka,80,24,40,0,1125,0,12
10624,Buccarumbi,30,5,11,0,1041,3,4
10625,Buchanan (NSW),212,60,110,4,2028,0,29
10626,Buckajo,322,116,176,0,1462,9,66
10627,Buckaroo,138,64,80,0,2722,3,28
10628,Buckenbowra,16,8,6,0,2250,0,0
10629,Buckenderra,21,4,3,0,1166,0,0
10630,Buckendoon,48,10,22,0,1687,0,8
10631,Bucketty,165,80,79,0,1375,3,30
10632,Buckra Bendinni,123,34,52,3,1031,5,25
10633,Budawang,29,19,15,0,1292,0,18
10634,Buddabadah,40,20,30,0,1875,0,16
10635,Budden,16,0,7,0,1624,0,3
10636,Budderoo,0,0,0,0,2250,0,0
10637,Buddong,0,0,0,0,0,0,0
10638,Budgee Budgee (NSW),241,82,124,5,1781,11,40
10639,Budgewoi,3497,1036,1488,96,1289,79,261
10640,Budgewoi Peninsula,0,0,0,0,0,0,0
10641,Budgong,87,47,46,0,1562,8,20
10642,Buff Point,3559,993,1539,74,1323,91,281
10643,Bugaldie,162,48,58,0,1281,7,30
10644,Bukalong,8,9,8,0,2749,0,5
10645,Bukkulla,149,42,74,0,1542,4,22
10646,Bulahdelah,1538,356,577,44,963,53,201
10647,Bulee,0,0,0,0,0,0,0
10648,Bulga (NSW),418,91,197,12,2062,13,52
10649,Bulga Forest,5,0,0,0,450,0,0
10650,Bulgary,13,3,6,0,1749,0,0
10651,Bulla (NSW),0,0,0,0,0,0,0
10652,Bulla Creek,49,23,26,0,2625,0,7
10653,Bullaburra,1300,639,644,16,1765,37,211
10654,Bullagreen,44,25,27,0,1687,0,9
10655,Bullarah,103,41,59,0,1916,3,13
10656,Bullatale,41,18,25,0,1625,0,11
10657,Bullawa Creek,130,32,60,5,1593,0,26
10658,Bulldog,15,4,0,0,649,0,0
10659,Bulli,6798,3065,3428,144,2331,118,919
10660,Bulliac,44,17,22,0,749,3,7
10661,Bullio,79,35,36,0,1375,7,15
10662,Bulyeroi,28,12,10,0,1875,0,3
10663,Bumbaldry,107,47,61,0,1375,4,30
10664,Bumbalong,3,0,4,0,0,0,4
10665,Bundabah,140,43,58,6,924,6,22
10666,Bundagen,96,47,34,0,725,0,40
10667,Bundanoon (NSW),2869,1432,1194,26,1290,84,610
10668,Bundarra,674,130,234,24,955,11,81
10669,Bundeena,2103,1006,950,39,1832,59,343
10670,Bundella,53,19,35,0,1458,0,22
10671,Bundemar,38,16,20,0,2124,0,6
10672,Bundewallah,34,20,8,0,3083,0,10
10673,Bundook,114,21,39,3,900,6,6
10674,Bundure,17,6,12,0,2624,0,3
10675,Bungaba,88,27,33,0,1437,5,6
10676,Bungabbee,3,0,3,0,1125,0,4
10677,Bungalora,73,33,29,3,1437,4,7
10678,Bungarby,80,40,30,0,824,0,20
10679,Bungarribee,3177,1741,1626,78,2928,5,249
10680,Bungawalbin,138,31,41,0,1050,0,12
10681,Bungendore,4745,2338,2750,64,2922,356,747
10682,Bungonia,469,135,215,9,1264,12,71
10683,Bungowannah,175,70,102,0,1906,6,41
10684,Bungwahl,249,86,100,4,1199,8,31
10685,Bunnaloo,107,38,57,5,1541,0,32
10686,Bunnan,94,23,37,0,784,0,10
10687,Bunyah,130,50,61,0,1208,6,33
10688,Bunyan,192,86,105,0,2050,4,38
10689,Burcher,82,24,45,4,1312,3,21
10690,Bureen,70,11,39,0,2125,0,11
10691,Burnt Bridge,110,17,21,12,1218,0,9
10692,Burnt Yards,39,16,25,0,2874,0,5
10693,Buronga,1252,388,587,27,1381,29,132
10694,Burra (Queanbeyan-Palerang Regional - NSW),790,426,458,14,2892,51,131
10695,Burra (Snowy Valleys - NSW),47,15,25,0,2062,0,16
10696,Burra Creek,71,26,37,0,1374,4,17
10697,Burraboi,106,32,55,0,1312,0,19
10698,Burradoo,2879,1514,1092,26,2180,109,519
10699,Burraga,82,12,27,0,1374,0,9
10700,Burragate,96,53,43,0,1020,5,30
10701,Burrandana,23,14,18,0,2374,0,9
10702,Burraneer,3719,1992,2002,48,3490,68,477
10703,Burrangong,261,77,134,0,1656,3,37
10704,Burrapine,58,11,16,0,575,0,3
10705,Burrawang,431,220,194,0,1958,9,89
10706,Burrell Creek,233,97,115,0,1181,8,35
10707,Burren Junction,225,67,102,0,1124,6,39
10708,Burrier,70,19,31,0,1958,0,3
10709,Burrill Lake,1782,558,733,33,1183,38,220
10710,Burringbar,878,331,424,27,1482,15,123
10711,Burrinjuck,40,10,17,0,1166,0,6
10712,Burroway,171,60,87,0,2062,0,29
10713,Burrumbuttock,421,104,184,0,1638,8,76
10714,Burrundulla,140,46,72,0,2562,3,33
10715,Burrungubugge,43,18,28,0,900,0,4
10716,Burwood (NSW),18224,12452,9232,766,1671,116,1241
10717,Burwood Heights,1134,647,549,29,2087,3,108
10718,Busby,4446,1374,1224,133,1163,37,156
10719,Busbys Flat,57,14,16,0,575,3,9
10720,Bushells Ridge,8,3,3,0,1125,0,4
10721,Buttaba,1204,419,580,21,1875,37,126
10722,Buttai,52,17,33,0,3750,0,10
10723,Butterwick,190,73,99,0,2666,3,25
10724,Buxton (NSW),2071,602,1100,38,1942,41,141
10725,Byabarra,329,100,145,9,1297,8,53
10726,Byadbo Wilderness,0,0,0,0,0,0,0
10727,Byangum,153,56,55,3,1187,5,14
10728,Bylong,19,6,7,0,2125,0,0
10729,Byng,52,26,32,0,1968,0,19
10730,Byrock,26,0,7,0,687,0,0
10731,Byron Bay,6330,3630,3356,188,1561,85,988
10732,Byrrill Creek,125,47,53,11,780,0,24
10733,Bywong,1342,759,754,23,3172,87,246
10734,Cabarita (NSW),1933,1160,908,29,2695,41,250
10735,Cabarita Beach,101,37,44,4,1875,0,19
10736,Cabbage Tree Island (Ballina - NSW),89,10,11,4,850,0,4
10737,Cabbage Tree Island (Mid-Coast - NSW),12,8,0,0,3374,0,0
10738,Cabramatta,21142,8912,7271,795,1184,70,798
10739,Cabramatta West,7822,3145,2633,236,1509,21,277
10740,Cabramurra,16,4,9,0,1874,0,3
10741,Caddens,3487,1615,1714,72,2592,47,267
10742,Cadgee (NSW),27,8,17,0,1149,0,5
10743,Cadia,3,0,0,0,0,0,0
10744,Caerleon,184,59,82,5,1937,5,18
10745,Caffreys Flat,53,18,16,0,700,3,7
10746,Cairncross,0,0,0,0,0,0,0
10747,Calala,4577,1682,2296,60,1863,99,617
10748,Calamia,24,3,7,0,900,0,5
10749,Calderwood,3013,1177,1682,28,2431,54,180
10750,Caldwell,42,19,19,0,1562,3,4
10751,Calga,134,40,65,0,2124,4,20
10752,Califat,12,3,12,0,450,0,7
10753,Calimo,71,16,36,5,1542,0,9
10754,Callaghan,1358,968,599,110,0,7,187
10755,Callaghans Creek,17,0,5,0,1375,0,0
10756,Callala Bay,2234,788,949,47,1289,145,331
10757,Callala Beach,777,305,314,21,1146,47,134
10758,Calliope (NSW),87,16,42,0,1792,0,13
10759,Caloola,62,21,39,0,1458,0,9
10760,Cambalong,12,3,5,0,1124,0,3
10761,Camberwell (NSW),102,16,35,0,1281,4,10
10762,Cambewarra,234,129,131,5,2295,10,41
10763,Cambewarra Village,1211,557,627,18,2188,92,220
10764,Camboon (NSW),58,21,27,0,1958,0,12
10765,Cambra,16,8,15,0,1624,0,0
10766,Cambridge Gardens,2030,686,1001,41,1950,43,124
10767,Cambridge Park,7054,2200,3135,167,1535,147,413
10768,Cambridge Plateau,0,0,0,0,0,0,0
10769,Camden,3378,1204,1563,45,1650,64,325
10770,Camden Head,149,87,54,3,1218,6,51
10771,Camden Park (NSW),2233,931,1269,26,3219,40,255
10772,Camden South,4595,1689,2297,62,2032,91,508
10773,Camellia,0,0,0,0,1125,0,0
10774,Cameron Park,9977,3823,5549,189,2464,189,854
10775,Camerons Creek,29,6,12,0,1374,0,8
10776,Camira (NSW),35,5,14,0,962,0,5
10777,Cammeray,7088,4726,4133,122,2870,128,1013
10778,Camp Creek (NSW),42,9,25,4,949,0,4
10779,Campbelltown (NSW),16577,7139,7354,523,1432,259,1073
10780,Camperdown (NSW),9381,7302,6393,335,2331,123,1567
10781,Campsie,26132,14645,10864,875,1497,105,1311
10782,Campvale,0,0,0,0,0,0,0
10783,Cams Wharf,182,68,70,5,1385,7,12
10784,Canada Bay,1308,713,661,15,2473,13,135
10785,Canadian Lead,19,10,12,0,1874,0,0
10786,Canbelego,54,12,29,0,1125,0,7
10787,Candelo,780,294,347,10,1256,20,160
10788,Cangai,17,4,14,0,1292,4,0
10789,Caniaba,804,268,447,5,2231,20,112
10790,Canley Heights,12320,5110,4357,434,1486,39,483
10791,Canley Vale,10300,4514,3632,352,1330,37,437
10792,Canobolas,481,230,265,5,2273,14,78
10793,Canoelands,177,82,100,0,2166,3,15
10794,Canonba,29,11,9,0,1249,0,3
10795,Canowindra,2437,683,1050,41,1099,46,412
10796,Canterbury (NSW),9430,5565,4768,270,1882,48,775
10797,Canton Beach,1202,253,345,27,710,61,103
10798,Canyonleigh,455,176,237,5,2016,14,67
10799,Caparra,62,22,18,3,1125,3,16
10800,Capeen Creek,13,9,9,0,725,0,4
10801,Capertee,130,31,54,0,833,5,17
10802,Capoompeta,4,0,0,0,1375,0,0
10803,Captains Flat,611,223,316,15,1644,28,81
10804,Carabost,67,20,32,0,1281,0,14
10805,Caragabal,174,42,82,0,1286,0,36
10806,Carcalgong,45,15,25,8,850,0,3
10807,Carcoar,271,88,129,9,1187,9,49
10808,Cardiff (NSW),6318,2349,3175,194,1512,166,565
10809,Cardiff Heights,1384,569,683,17,1850,42,162
10810,Cardiff South,2931,1019,1600,61,1688,63,276
10811,Carey Bay,865,333,345,21,1266,30,100
10812,Cargo,562,157,277,6,2009,7,80
10813,Carinda,165,50,72,0,1343,0,19
10814,Caringbah,12575,6078,6821,265,1890,328,1059
10815,Caringbah South,13168,6377,6721,160,2721,266,1483
10816,Carlaminda,29,5,23,0,2750,0,4
10817,Carlingford,28044,16796,12964,672,2084,310,2815
10818,Carlton (NSW),10631,6093,5281,319,1860,67,755
10819,Carnes Hill,3332,1580,1512,69,2630,18,148
10820,Carnham,4,0,0,0,725,0,0
10821,Carool,204,73,87,7,1521,3,17
10822,Caroona,196,41,71,8,933,0,35
10823,Carrabolla,10,3,6,0,575,0,0
10824,Carrai,0,0,0,0,0,0,0
10825,Carramar (NSW),3475,1490,1164,128,1073,20,194
10826,Carrathool,200,67,116,0,1531,4,26
10827,Carrick (NSW),164,43,67,0,2100,4,29
10828,Carrington (Mid-Coast - NSW),32,3,10,0,1375,0,0
10829,Carrington (Newcastle - NSW),2061,1037,1173,66,1766,70,236
10830,Carrington Falls,32,18,13,0,1875,0,3
10831,Carroll,305,86,147,3,1524,9,50
10832,Carrowbrook,37,7,17,0,1125,0,5
10833,Carrs Creek,186,35,71,3,1375,5,27
10834,Carrs Island,10,0,5,0,1125,0,0
10835,Carrs Peninsula,17,6,8,0,1166,0,4
10836,Carss Park,1265,726,582,14,2297,18,139
10837,Cartwright,2616,778,615,106,826,27,99
10838,Cartwrights Hill,169,43,83,3,1833,3,25
10839,Carwell,28,11,18,0,1749,0,6
10840,Carwoola,1602,845,886,17,3205,94,277
10841,Cascade (NSW),8,0,0,0,575,0,0
10842,Casino,10930,2454,4110,218,1044,317,1086
10843,Cassilis (NSW),278,89,125,7,1375,4,54
10844,Castle Cove,2643,1658,1222,45,3439,28,412
10845,Castle Doyle,150,77,90,0,2299,0,33
10846,Castle Hill (NSW),40874,24094,20255,905,2551,526,4797
10847,Castle Rock,131,30,68,0,3041,0,23
10848,Castlecrag,2965,1966,1517,65,4675,30,613
10849,Castlereagh,1248,387,618,21,2370,22,123
10850,Casuarina (NSW),3256,1565,1716,77,2327,71,446
10851,Casula,16584,7699,6785,519,1730,138,982
10852,Catalina,2522,723,865,52,1130,98,279
10853,Cataract,4,0,4,0,2750,0,0
10854,Cathcart (NSW),106,25,51,0,1312,4,23
10855,Catherine Field,2609,1030,1353,58,2316,23,152
10856,Catherine Hill Bay,943,390,489,13,2628,18,86
10857,Cathundral,31,14,22,0,3250,0,5
10858,Cattai,1077,389,588,8,2878,17,117
10859,Cattle Creek (NSW),38,3,10,4,1374,0,0
10860,Cavan (NSW),37,19,27,0,3083,0,6
10861,Caves Beach,4016,1486,1811,80,1628,121,496
10862,Cawdor (NSW),430,172,224,5,2399,0,64
10863,Cawongla,204,85,75,5,816,9,36
10864,Cecil Hills,6906,3475,3248,164,2409,36,403
10865,Cecil Park,815,334,367,5,2446,10,45
10866,Cedar Brush Creek,125,55,64,4,2250,0,18
10867,Cedar Creek (Cessnock - NSW),32,10,13,0,1625,0,12
10868,Cedar Creek (Tweed - NSW),12,3,0,0,1149,0,0
10869,Cedar Party,379,113,144,0,1183,18,51
10870,Cedar Point,175,59,100,4,1410,8,29
10871,Cells River,0,0,0,0,1125,0,0
10872,Centennial Park (NSW),2225,1599,1410,50,2154,38,331
10873,Central Colo,30,15,18,0,3083,4,9
10874,Central Macdonald,49,18,25,0,1812,0,11
10875,Central Mangrove,253,93,144,8,2388,0,30
10876,Central Tilba,342,154,145,7,1156,11,75
10877,Cessnock,16300,3552,5901,404,1192,349,1028
10878,Chaelundi,0,0,0,0,0,0,0
10879,Chain Valley Bay,2773,632,842,45,866,120,212
10880,Chakola,88,27,35,0,2249,5,8
10881,Chambigne,48,15,23,0,833,5,0
10882,Charbon,91,16,29,4,746,0,4
10883,Charles Sturt University,433,422,244,48,2750,6,160
10884,Charlestown (NSW),13601,6057,7311,284,1839,365,1493
10885,Charleys Forest,70,31,30,0,850,8,11
10886,Charlotte Bay,175,65,81,0,1187,3,17
10887,Charlton (NSW),17,5,8,0,1125,4,3
10888,Charmhaven,2501,725,1140,71,1392,58,176
10889,Chatham Valley,69,26,32,0,1437,0,14
10890,Chatsbury,86,30,48,0,1781,4,9
10891,Chatswood,25553,17120,12888,714,2158,184,2590
10892,Chatswood West,1521,977,762,34,3121,36,225
10893,Chatsworth (NSW),157,51,78,0,1152,0,31
10894,Cheero Point,100,56,69,0,2428,4,22
10895,Cheltenham (NSW),2166,1428,1124,43,3573,48,450
10896,Cherry Tree Hill,51,30,31,0,1499,4,8
10897,Cherrybrook,19082,11930,9685,445,2924,206,2611
10898,Chester Hill,14007,5565,4341,369,1355,93,712
10899,Chichester (NSW),25,6,10,0,949,3,5
10900,Chifley (NSW),3490,1691,1634,58,2311,47,315
10901,Chilcotts Creek,16,10,9,0,2749,0,0
10902,Chilcotts Grass,237,110,135,3,2143,5,43
10903,Chillingham,228,84,89,12,1050,3,38
10904,Chinderah,1639,415,497,22,719,66,154
10905,Chinnock,22,14,12,0,1375,0,3
10906,Chippendale,7803,6285,4745,439,1606,52,924
10907,Chipping Norton,9412,4269,4186,190,2024,94,628
10908,Chisholm (NSW),4577,1879,2531,66,2755,181,349
10909,Chiswick,2909,1778,1656,59,2444,32,294
10910,Chittaway Bay,1987,637,996,39,1693,38,155
10911,Chittaway Point,947,326,459,9,1793,22,105
10912,Chowan Creek,57,12,12,0,866,0,8
10913,Chullora,14,0,0,0,0,0,0
10914,Church Point,1066,662,496,23,3182,21,150
10915,Clandulla,186,36,48,4,900,4,21
10916,Clare (NSW),27,3,16,0,1999,0,6
10917,Claremont Meadows,5177,2174,2807,123,2297,53,401
10918,Clarence,200,61,95,0,1791,7,20
10919,Clarence Town,2265,677,1119,37,1934,112,262
10920,Clarendon (NSW),147,36,69,4,1625,4,9
10921,Clarenza,602,193,322,4,2076,19,101
10922,Clareville,822,541,350,3,2802,19,132
10923,Claymore,2579,746,734,100,1020,14,102
10924,Clear Creek,115,47,69,4,1924,0,18
10925,Clear Range,34,17,25,0,2750,0,14
10926,Clearfield,0,0,0,0,899,0,0
10927,Clemton Park,1676,731,653,32,1869,15,121
10928,Clergate,206,76,119,10,1910,5,36
10929,Cleveland (NSW),22,3,8,0,900,0,0
10930,Clifden,27,13,9,0,1937,0,0
10931,Cliftleigh,2309,747,1243,46,2018,41,107
10932,Clifton (NSW),35,27,23,3,2583,0,7
10933,Clifton Grove,950,420,496,13,2703,21,165
10934,Clontarf (NSW),1746,1159,891,31,4609,30,314
10935,Clothiers Creek,293,102,180,13,1728,3,34
10936,Clouds Creek,0,0,0,0,0,0,0
10937,Clovelly,4887,3158,2817,86,3474,46,749
10938,Clunes (NSW),907,410,494,11,1855,17,145
10939,Clybucca,214,59,124,0,1687,8,29
10940,Clyde (NSW),9,4,5,0,725,0,0
10941,Clydesdale (NSW),114,26,57,0,2749,0,19
10942,Coal Point,1749,846,823,19,2148,68,249
10943,Coalcliff,212,118,105,0,3299,3,51
10944,Coaldale,73,16,32,0,2124,0,6
10945,Coasters Retreat,30,26,10,0,2250,0,16
10946,Cobaki,203,82,91,4,1906,5,25
10947,Cobaki Lakes,42,24,29,0,2250,0,8
10948,Cobar,3603,903,1668,56,1816,55,394
10949,Cobar Park,36,7,10,3,774,0,6
10950,Cobargo,766,267,331,20,967,26,181
10951,Cobark,47,19,21,0,1458,3,6
10952,Cobbadah,95,39,55,0,1125,4,31
10953,Cobbitty,4206,1653,2169,51,2313,74,333
10954,Cobbora,25,3,12,0,1499,0,3
10955,Cobramunga,41,14,17,0,974,5,18
10956,Cockwhy,25,10,8,0,2624,0,0
10957,Codrington (NSW),83,23,42,0,1687,0,12
10958,Coffee Camp,201,79,84,6,843,3,31
10959,Coffs Harbour,27089,9250,11912,727,1231,727,3080
10960,Coggan,3,0,0,0,900,0,0
10961,Cogra Bay,13,7,11,0,1374,0,6
10962,Coila,44,8,14,0,900,0,0
10963,Coldstream (NSW),61,9,21,0,866,0,0
10964,Coleambally,1152,352,639,12,1555,31,264
10965,Colebee,4914,2634,2616,93,3223,31,298
10966,Coledale,1372,681,701,28,2586,17,256
10967,Colinroobie,51,19,24,0,1542,0,18
10968,Colinton (NSW),115,56,70,4,2100,6,20
10969,Collarenebri,634,133,209,12,1042,3,61
10970,Collaroy (NSW),7944,4532,4327,142,2372,131,1051
10971,Collaroy Plateau,4805,2439,2611,61,3278,47,565
10972,Collector,376,165,212,9,2200,15,71
10973,Collendina,109,30,64,0,1625,3,12
10974,Collerina,10,0,7,0,250,0,4
10975,Collie (NSW),177,57,88,6,1343,0,38
10976,Collingullie,258,75,121,0,1800,6,29
10977,Collingwood (NSW),51,24,35,0,2125,0,13
10978,Collins Creek,167,66,70,0,1057,4,35
10979,Collombatti,681,165,273,21,1294,18,83
10980,Collum Collum,0,0,0,0,0,0,0
10981,Colly Blue,22,10,12,0,1375,0,0
10982,Colo (Bathurst Regional - NSW),3,0,5,0,725,0,0
10983,Colo (Hawkesbury - NSW),62,32,41,0,2249,0,9
10984,Colo Heights,336,105,160,3,1607,7,64
10985,Colo Vale,1775,642,932,27,1875,38,196
10986,Colongra,0,0,0,0,0,0,0
10987,Colyton,8770,2931,3716,233,1539,111,426
10988,Comara,27,13,10,0,1312,0,0
10989,Combaning,100,28,59,0,2036,0,28
10990,Combara,28,7,10,0,612,5,3
10991,Comberton,31,6,13,0,1562,0,0
10992,Comboyne,416,136,210,4,1191,13,102
10993,Come By Chance,88,25,29,0,2125,0,14
10994,Comerong Island,19,4,8,0,1875,0,3
10995,Commissioners Creek,38,13,19,0,1375,3,3
10996,Como (NSW),4053,2159,2157,77,3152,60,626
10997,Comobella,65,21,21,0,1292,0,13
10998,Conargo,117,33,60,0,1325,3,17
10999,Concord,14551,7858,7273,289,2410,147,1526
11000,Concord West,6178,3380,3007,127,2354,84,702
11001,Condell Park,13066,5521,4449,312,1636,65,664
11002,Condobolin,3185,898,1368,82,1292,40,497
11003,Condong,314,97,160,10,1696,8,28
11004,Coneac,7,0,10,0,1625,0,0
11005,Congarinni,365,114,164,7,1125,12,57
11006,Congarinni North,394,112,176,4,1239,10,49
11007,Congewai,206,88,105,0,1687,8,25
11008,Congo,253,112,124,0,1550,8,45
11009,Conimbia,30,7,16,0,1812,0,0
11010,Coniston,2267,1037,1102,70,1535,38,223
11011,Conjola,148,47,78,0,1624,0,19
11012,Conjola Park,298,98,133,7,1181,4,38
11013,Connells Point,2884,1666,1422,46,2644,29,288
11014,Constitution Hill,4030,1955,1775,89,1706,43,331
11015,Coogee (NSW),14634,10267,9524,319,2976,207,2049
11016,Cookamidgera,151,41,71,9,1300,0,17
11017,Cookardinia,81,24,46,0,1674,0,20
11018,Cooks Gap,549,139,256,15,1637,28,47
11019,Cooks Hill,3774,2343,2295,92,1881,105,584
11020,Cooks Myalls,49,15,31,0,1374,0,12
11021,Coolabah,32,10,20,0,1374,0,5
11022,Coolac,244,79,126,0,1625,0,51
11023,Coolagolite,309,113,137,0,1187,9,73
11024,Coolah,1262,327,512,22,1162,41,206
11025,Coolamon,2275,638,1089,38,1427,92,370
11026,Coolangatta (NSW),324,134,182,0,2058,7,64
11027,Coolangubra,0,0,0,0,0,0,0
11028,Coolatai,99,28,50,0,1031,0,14
11029,Cooleman,0,0,0,0,0,0,0
11030,Cooleys Creek,8,6,7,0,2250,0,0
11031,Coolgardie (NSW),132,52,56,0,2250,4,25
11032,Coolongolook,382,87,132,8,952,11,30
11033,Coolringdon,73,20,49,0,1375,0,17
11034,Coolumbooka,13,0,4,0,1875,0,3
11035,Coolumburra,3,3,0,0,725,0,0
11036,Cooma (NSW),6715,2437,3139,115,1374,211,981
11037,Coomba Bay,168,63,59,3,1583,7,24
11038,Coomba Park,691,181,182,18,786,31,100
11039,Coombadjha,7,3,0,0,0,0,0
11040,Coombell,12,0,3,0,1125,0,0
11041,Coomealla,748,180,305,15,1358,26,91
11042,Coomoo Coomoo,19,8,10,0,3750,0,3
11043,Coonabarabran,3477,981,1315,85,1154,100,645
11044,Coonamble,2666,621,984,75,1206,39,329
11045,Coongbar,0,0,4,0,3250,0,0
11046,Cooperabung,293,112,141,9,1825,4,48
11047,Coopernook,625,126,262,16,1142,15,85
11048,Coopers Gully,172,55,85,0,1625,11,22
11049,Coopers Shoot,409,226,187,0,1954,8,88
11050,Cooplacurripa,9,3,5,0,1062,0,0
11051,Coorabell,481,269,217,9,2107,3,80
11052,Cooranbong,7077,2642,3241,148,1639,143,1062
11053,Cootamundra,6885,1901,2635,123,1037,228,1186
11054,Cootralantra,107,32,55,0,1800,0,22
11055,Cooyal,137,46,68,0,2416,6,21
11056,Copacabana,2809,1399,1473,50,2143,48,409
11057,Cope,113,23,43,4,1125,4,13
11058,Copeland,74,23,38,0,1125,3,11
11059,Copeton,57,13,13,0,1375,0,3
11060,Copmanhurst,344,84,99,21,974,23,46
11061,Coppabella (NSW),12,5,7,0,1875,0,5
11062,Copperhannia,9,4,9,0,1999,0,4
11063,Coraki,1373,321,505,35,1072,41,127
11064,Coralville,168,36,43,3,1125,0,26
11065,Coramba,817,273,417,13,1625,14,115
11066,Corang,4,0,0,0,399,0,0
11067,Corangula,22,0,7,0,1124,0,3
11068,Corbie Hill,168,53,95,0,1875,8,22
11069,Cordeaux,0,0,0,0,0,0,0
11070,Cordeaux Heights,4460,2240,2460,77,2634,50,622
11071,Coree,43,21,31,0,2416,3,15
11072,Coreen,122,22,64,0,2049,4,30
11073,Corindi Beach,1802,638,896,45,1550,50,207
11074,Corinella (NSW),72,31,40,0,1875,0,21
11075,Corlette,5699,2307,2427,99,1566,372,795
11076,Corndale (NSW),358,157,189,4,1821,6,64
11077,Corney Town,66,19,28,9,762,0,9
11078,Cornwallis,44,16,26,0,1875,0,6
11079,Corobimilla,44,12,27,0,1708,0,16
11080,Corowa,5595,1520,2453,85,1130,196,852
11081,Corrabare,0,0,0,0,0,0,0
11082,Corrimal,6972,2889,3360,173,1508,147,754
11083,Corrong,3,0,3,0,0,0,0
11084,Corrowong,23,20,15,0,1749,3,19
11085,Corunna,83,38,43,0,974,0,16
11086,Cottage Point,96,59,42,0,2750,6,32
11087,Cottonvale (NSW),20,6,7,0,850,0,0
11088,Cougal,30,15,3,0,840,0,11
11089,Countegany,38,20,25,0,1458,0,3
11090,Courabyra,112,24,45,0,1375,4,27
11091,Couradda,29,13,15,0,1333,0,0
11092,Couragago,9,0,4,0,2124,0,0
11093,Couridjah,282,89,149,10,1791,8,28
11094,Coutts Crossing,1053,233,420,35,1157,45,136
11095,Cow Flat,58,23,23,0,2249,0,12
11096,Cowabbie,16,3,9,0,3125,0,3
11097,Cowan,631,313,338,13,2250,16,118
11098,Cowper,88,27,55,0,1300,0,7
11099,Cowra,10145,2737,4356,247,1107,276,1466
11100,Coxs Creek,73,28,23,0,1166,0,8
11101,Coxs Crown,18,3,7,0,450,0,6
11102,Crabbes Creek,343,117,178,13,1420,7,55
11103,Crackenback,213,125,132,0,2374,3,36
11104,Craigie (NSW),29,17,19,0,2250,0,9
11105,Cranebrook,15779,5648,8098,329,2108,341,1179
11106,Crangan Bay,3,3,0,0,1125,0,0
11107,Craven,104,27,46,5,1050,0,18
11108,Craven Plateau,14,6,8,0,1874,0,0
11109,Crawford River,57,23,26,0,1125,0,10
11110,Crawney,48,16,20,0,762,0,8
11111,Creel Bay,4,3,3,0,2499,0,0
11112,Creewah,36,8,12,0,875,0,4
11113,Cremorne (NSW),11263,7947,6665,211,2481,207,1640
11114,Cremorne Point,2270,1660,1291,62,2951,47,428
11115,Crescent Head,1633,643,722,36,1317,39,239
11116,Crestwood,4936,2477,2878,119,1719,202,473
11117,Cringila,2156,703,736,59,1117,17,107
11118,Croki,34,9,15,0,1208,4,6
11119,Cromer (NSW),8030,3937,4080,130,2483,134,967
11120,Cronulla,17899,9799,10282,331,2058,422,2115
11121,Crooble,54,21,32,0,1562,0,11
11122,Croobyar,174,68,86,0,1516,6,35
11123,Crooked Corner,78,19,46,0,1312,0,19
11124,Crookwell,2686,790,1162,48,1196,70,424
11125,Croom,112,32,43,0,1718,0,15
11126,Croppa Creek,104,41,55,0,2416,0,25
11127,Cross Roads (NSW),19,11,9,0,2125,0,5
11128,Crosslands,626,193,272,15,1389,18,57
11129,Croudace Bay,641,222,310,11,2010,20,83
11130,Crowdy Bay,6,4,3,0,1999,0,0
11131,Crowdy Head,78,35,31,0,1875,0,14
11132,Crows Nest (NSW),4974,3621,3311,94,2614,58,598
11133,Crowther,78,25,42,0,1350,7,9
11134,Crowther Island,0,0,0,0,0,0,0
11135,Croydon (NSW),10755,6295,5240,246,2157,101,1280
11136,Croydon Park (NSW),10929,5792,5178,219,1843,88,1025
11137,Crudine,68,19,20,0,900,4,3
11138,Cryon,39,9,13,0,1875,0,4
11139,Crystal Creek (NSW),263,69,110,3,1210,8,27
11140,Cubba,26,7,18,0,4999,0,4
11141,Cudal,586,151,284,4,1312,16,103
11142,Cudgegong,66,21,35,0,1687,0,6
11143,Cudgel,36,10,11,0,1625,0,4
11144,Cudgen,952,383,494,15,1893,25,120
11145,Cudgera Creek,339,119,155,0,1800,3,34
11146,Cudmirrah,284,94,113,3,1093,7,46
11147,Culburra Beach,2946,1008,1226,60,1247,147,427
11148,Culcairn,1483,365,608,21,1173,54,273
11149,Cullen Bullen,166,37,64,12,1042,3,30
11150,Cullenbone,49,18,26,0,3125,0,5
11151,Cullendore,10,7,10,0,1374,0,3
11152,Cullerin,41,18,30,0,2250,0,9
11153,Cullivel,10,3,4,0,1699,0,4
11154,Culmaran Creek,21,5,12,0,1437,0,8
11155,Cumbalum,2211,927,1185,24,2170,43,299
11156,Cumbandry,22,3,9,0,3250,0,0
11157,Cumberland Reach,208,46,108,0,2386,8,4
11158,Cumbo,3,0,3,0,2750,0,0
11159,Cumborah,198,48,63,11,497,13,46
11160,Cumnock,491,140,200,8,1184,16,100
11161,Cundle Flat,12,8,4,0,1125,0,0
11162,Cundletown,2050,534,864,40,1305,54,224
11163,Cundumbul,44,16,25,0,1875,0,8
11164,Cunjurong Point,111,57,51,3,1337,4,21
11165,Cunningar,163,56,78,3,1333,3,41
11166,Cunninyeuk,24,11,12,0,2249,0,5
11167,Curban,137,42,79,0,1765,5,35
11168,Curl Curl,2364,1352,1282,47,3870,27,395
11169,Curlew Waters,21,4,8,0,1649,0,5
11170,Curlewis (NSW),779,175,390,26,1403,17,80
11171,Curlwaa,496,122,237,11,1589,14,59
11172,Curra Creek,43,21,23,0,762,0,17
11173,Currabubula,339,99,177,3,1553,4,52
11174,Curragh,0,0,0,0,0,0,0
11175,Curramore (NSW),220,96,93,9,2178,0,54
11176,Currans Hill,5541,2076,2961,89,2170,70,330
11177,Currarong,479,194,188,7,1197,24,100
11178,Currawang,167,74,101,5,2449,9,33
11179,Currawarna,199,57,100,4,1875,4,33
11180,Curraweela,67,27,44,0,1375,3,11
11181,Curricabark,8,6,4,0,4249,0,0
11182,Currowan,72,15,24,0,1458,0,9
11183,Cuttabri,37,9,19,0,1749,0,3
11184,Cuttagee,61,35,15,0,949,4,24
11185,Dabee,42,14,17,0,1375,0,4
11186,Daceyville,1146,444,294,37,651,10,91
11187,Dairy Arm,43,19,17,0,1166,0,14
11188,Dairy Flat,22,8,9,0,474,0,0
11189,Dairymans Plains,183,64,103,0,1875,0,40
11190,Daleys Point,705,302,257,8,1227,29,86
11191,Dalgety,252,95,127,3,1375,6,41
11192,Dalmeny,2194,751,718,27,1092,99,318
11193,Dalmorton,6,0,5,0,900,0,4
11194,Dalswinton,57,17,37,0,1812,0,3
11195,Dalton,230,84,101,0,1531,8,43
11196,Dalwood (Ballina - NSW),218,94,133,0,2181,8,31
11197,Dalwood (Singleton - NSW),111,39,62,0,2625,0,12
11198,Dandaloo,38,15,24,0,1958,0,10
11199,Dandry,65,16,15,0,900,0,13
11200,Dangar Island,313,193,152,8,1857,8,123
11201,Dangarsleigh,120,64,70,0,1910,6,28
11202,Dangelong,6,6,4,0,2750,0,0
11203,Dapto,10954,3442,5147,259,1475,194,887
11204,Darawank,451,103,197,15,1285,18,37
11205,Darbalara,62,19,33,0,2125,4,16
11206,Darbys Falls,243,54,84,0,845,4,35
11207,Dareton,456,78,118,15,823,11,36
11208,Dargan,83,45,38,0,1160,0,29
11209,Dark Corner,45,19,18,0,899,3,9
11210,Darkes Forest,95,47,63,0,2624,0,26
11211,Darkwood,237,100,86,3,949,6,56
11212,Darling Point,3977,2855,2099,73,3219,87,680
11213,Darlinghurst,10615,8103,7327,332,2279,145,1505
11214,Darlington (Singleton - NSW),378,116,199,7,1786,12,36
11215,Darlington (Sydney - NSW),2597,2124,1640,140,2392,25,534
11216,Darlington Point,1030,223,505,24,1312,19,112
11217,Darlow,30,11,17,0,1937,0,9
11218,Daroobalgie,88,19,46,0,2049,0,12
11219,Dartbrook,110,42,59,0,2449,0,17
11220,Daruka,770,305,439,4,2327,21,127
11221,Davidson,2725,1563,1443,45,3254,42,430
11222,Davis Creek,34,8,23,0,1125,0,6
11223,Davistown,2602,903,1111,41,1380,89,248
11224,Dawes Point,385,304,242,0,4708,7,81
11225,Daysdale,83,22,37,0,1281,0,19
11226,Dean Park,3180,1340,1460,75,1846,25,153
11227,Deauville,29,13,19,0,1624,0,8
11228,Debenham,5,0,0,0,749,0,0
11229,Dee Why,23354,14250,14307,523,2106,253,2134
11230,Deep Creek (Clarence Valley - NSW),12,4,3,0,4750,0,3
11231,Deep Creek (Kempsey - NSW),100,17,35,0,1071,7,6
11232,Deep Creek (Kyogle - NSW),20,6,9,0,1087,0,3
11233,Deepwater (NSW),456,118,168,11,763,29,81
11234,Deer Vale,128,45,60,0,1125,5,24
11235,Delegate,295,89,117,9,785,9,63
11236,Delungra,625,142,255,13,1054,16,90
11237,Denham Court,9129,4697,4277,191,2448,64,871
11238,Denhams Beach,650,222,203,0,1323,24,78
11239,Deniliquin,7432,2094,3370,133,1221,173,1218
11240,Denistone,3726,2388,1886,76,2683,61,545
11241,Denistone East,2292,1343,1074,43,2424,11,282
11242,Denistone West,947,565,457,28,2579,10,132
11243,Denman,1821,428,869,27,1427,38,280
11244,Depot Beach,34,19,15,0,1937,0,10
11245,Derriwong,38,3,10,0,899,0,12
11246,Deua,0,0,0,0,0,0,0
11247,Deua River Valley,52,27,7,0,1125,5,15
11248,Devils Hole,10,4,7,0,1416,0,5
11249,Dewitt,11,6,3,0,466,0,0
11250,Dharruk,2806,959,979,83,1467,32,158
11251,Dhulura,42,20,25,0,3124,0,17
11252,Dhuragoon,38,10,22,0,1375,0,16
11253,Diamond Beach,1012,378,444,23,1331,24,160
11254,Diamond Head,7,0,0,0,225,0,0
11255,Diehard,62,7,8,3,420,0,9
11256,Diggers Camp,13,9,4,0,575,0,10
11257,Dignams Creek,82,37,31,0,1104,8,28
11258,Dilkoon,40,8,14,0,1042,0,3
11259,Dilpurra,29,13,18,0,1312,0,7
11260,Dingo Forest,0,0,0,0,0,0,0
11261,Dinoga,51,12,22,0,1312,0,7
11262,Dirnaseer,89,27,47,0,1687,0,21
11263,Dirty Creek,106,41,54,3,1125,0,13
11264,Dobies Bight,117,32,60,0,1583,3,14
11265,Doctor George Mountain,65,35,26,0,1187,6,19
11266,Doctors Gap,25,4,8,6,624,0,3
11267,Dog Rocks,7,0,0,0,1625,0,0
11268,Dolans Bay,699,372,382,11,3542,12,70
11269,Dolls Point,1633,902,850,41,1708,31,122
11270,Dollys Flat,65,27,36,0,1208,8,22
11271,Dolphin Point,354,143,172,13,1488,7,44
11272,Dombarton,130,61,70,0,2094,0,21
11273,Donald Creek,39,7,17,0,1375,0,10
11274,Dondingalong,712,210,322,24,1164,20,76
11275,Doon Doon,92,29,37,0,1062,0,13
11276,Doonbah,298,70,80,5,876,22,37
11277,Doonside,13614,5934,5664,424,1582,92,888
11278,Dooralong,350,145,179,0,2833,6,51
11279,Dora Creek,1739,540,769,53,1401,55,180
11280,Dorrigo,1214,403,459,18,925,43,291
11281,Dorrigo Mountain,88,44,44,3,1156,9,27
11282,Dorroughby,158,80,87,3,1625,3,37
11283,Double Bay,4709,3439,2736,100,3077,56,679
11284,Doubtful Creek,162,49,79,9,1160,3,11
11285,Douglas Park,1386,470,692,11,2250,35,176
11286,Dover Heights,4044,2644,2015,75,3877,19,718
11287,Downside,124,41,80,0,2583,0,32
11288,Doyalson,299,77,142,12,1433,11,25
11289,Doyalson North,383,53,55,3,691,25,35
11290,Doyles Creek,39,6,20,0,1562,0,4
11291,Doyles River,0,0,0,0,0,0,0
11292,Drake,244,59,50,6,698,4,35
11293,Drake Village,95,24,26,8,687,0,21
11294,Drildool,23,4,16,0,1416,0,4
11295,Dripstone,68,27,34,0,1125,0,7
11296,Drummoyne,12011,7420,6680,208,2776,176,1531
11297,Dry Creek (NSW),50,19,30,0,2374,0,11
11298,Dry Plain,42,14,28,0,1875,0,5
11299,Dubbo,43516,15205,21636,718,1690,770,4834
11300,Duck Creek,50,13,23,0,1124,0,14
11301,Duckenfield,92,25,40,0,1343,0,0
11302,Duckmaloi,44,13,24,0,2249,0,8
11303,Dudley,2505,1174,1279,54,2487,61,354
11304,Duffys Forest,509,292,269,13,4250,12,89
11305,Dulguigan,143,57,74,0,2150,4,16
11306,Dulwich Hill,14046,8610,8152,353,2095,113,1741
11307,Dum Dum,125,49,54,10,1771,5,15
11308,Dumaresq,80,43,49,0,1687,4,11
11309,Dumaresq Island,70,34,34,0,2583,3,16
11310,Dumaresq Valley,29,14,21,0,1125,0,4
11311,Dumbudgery,0,0,0,0,0,0,0
11312,Dunbible,380,147,160,4,1949,15,60
11313,Dunbogan,1020,326,342,25,947,61,177
11314,Duncans Creek,70,14,38,0,1375,0,7
11315,Dundas (NSW),4959,2838,2357,128,1962,119,594
11316,Dundas Valley,5875,3198,2675,135,1835,59,583
11317,Dundee,152,58,79,0,1228,4,33
11318,Dundurrabin,121,27,24,3,492,5,16
11319,Dunedoo,1097,305,447,27,985,25,228
11320,Dungarubba,52,15,29,0,1624,0,5
11321,Dungay,225,66,107,11,1406,4,31
11322,Dungeree,6,4,4,0,3250,0,4
11323,Dungog,1983,523,801,37,1045,73,333
11324,Dungowan,366,101,192,4,1805,13,63
11325,Dunkeld (NSW),42,22,27,0,1499,0,3
11326,Dunmore (NSW),318,105,156,9,2214,0,25
11327,Dunolly (NSW),136,27,67,9,933,0,5
11328,Dunoon,840,339,385,14,1510,24,123
11329,Duns Creek,582,234,311,7,2236,21,88
11330,Dunville Loop,13,3,7,0,1375,0,5
11331,Dural (Hornsby - NSW),7900,4163,3805,140,2489,131,1020
11332,Dural (Singleton - NSW),0,0,0,0,0,0,0
11333,Duramana,248,100,133,4,1949,3,28
11334,Duranbah,226,96,116,4,1850,4,30
11335,Duri,463,159,263,3,1696,18,68
11336,Duroby,74,28,37,0,939,0,9
11337,Durran Durra,114,50,52,0,2062,6,28
11338,Durras North,50,24,24,0,1812,3,15
11339,Durren Durren,96,27,44,0,2250,0,12
11340,Duval,0,0,0,0,725,0,0
11341,Dyers Crossing,346,96,146,3,1149,10,34
11342,Dyraaba,113,26,51,0,1300,0,11
11343,Dyrring,102,31,44,0,2250,0,12
11344,Eagle Vale,5789,2246,2672,176,1785,78,370
11345,Eagleton,205,68,91,5,1421,4,38
11346,Earlwood,18053,9324,8386,332,2164,133,1556
11347,East Albury,6224,2784,3312,123,1508,210,927
11348,East Ballina,5882,2636,2841,84,1554,162,883
11349,East Branxton,1881,534,1004,41,2024,46,146
11350,East Coraki,222,67,131,0,1625,8,30
11351,East Corrimal,3432,1473,1718,83,1518,58,440
11352,East Gosford,4391,2002,2061,95,1330,105,516
11353,East Gresford,338,85,157,3,1375,10,56
11354,East Hills,3370,1594,1574,48,1829,29,278
11355,East Jindabyne,1067,552,637,4,2349,24,201
11356,East Kangaloon,80,52,51,0,2125,4,11
11357,East Kempsey,1336,381,569,30,1116,40,147
11358,East Killara,2895,1908,1307,48,3005,26,379
11359,East Kurrajong,2203,789,1249,38,2757,50,248
11360,East Lindfield,3710,2363,1708,72,3457,57,677
11361,East Lismore,4980,1883,2333,133,1236,98,643
11362,East Lynne,94,37,43,4,1325,9,10
11363,East Maitland,11860,4303,5774,290,1422,426,1230
11364,East Ryde,2522,1474,1336,55,3240,30,392
11365,East Seaham,353,116,200,9,2250,9,55
11366,East Tamworth,5417,2405,2832,111,1711,133,919
11367,East Wagga Wagga,213,74,107,7,1452,12,18
11368,East Wardell,312,85,165,3,1550,6,36
11369,Eastern Creek,874,300,364,19,1861,8,52
11370,Eastgardens,4086,2637,2276,127,2232,118,287
11371,Eastlakes,6347,3314,2837,187,1300,51,415
11372,Eastwood (NSW),18695,12218,8992,519,1945,129,2008
11373,Eatonsville,214,56,84,4,1449,9,37
11374,Ebenezer (NSW),1081,357,569,11,2261,31,121
11375,Ebor,149,43,66,0,1270,5,30
11376,Eccleston,27,17,10,0,1312,4,11
11377,Edderton,4,0,4,0,1875,0,0
11378,Eden,3350,911,1254,70,1025,105,478
11379,Eden Creek,136,49,61,0,1028,3,30
11380,Edensor Park,10279,4438,3882,262,1817,33,516
11381,Edenville,80,10,30,0,900,5,3
11382,Edgecliff,2499,1832,1473,55,2321,38,356
11383,Edgeroi,96,41,45,0,2583,3,20
11384,Edgeworth,6401,1772,3021,138,1435,184,511
11385,Edith (NSW),120,44,61,0,1174,0,19
11386,Edmondson Park,12080,6513,5870,310,2562,110,685
11387,Edrom,0,0,0,0,0,0,0
11388,Eenaweena,21,6,5,0,900,0,3
11389,Eglinton (NSW),3012,1089,1585,46,2054,77,335
11390,Eighteen Mile,3,0,0,0,500,0,0
11391,Elands,178,70,58,7,642,6,53
11392,Elanora Heights,4581,2358,2420,50,3052,82,663
11393,Elcombe,25,8,15,0,449,0,4
11394,Elderslie (Camden - NSW),7878,3053,4074,127,2150,137,701
11395,Elderslie (Singleton - NSW),131,43,78,0,2550,11,24
11396,Eleebana,6460,2916,3207,98,2227,185,872
11397,Elermore Vale,6057,2400,2891,143,1567,202,643
11398,Elizabeth Bay,4878,3835,3259,153,2116,118,773
11399,Elizabeth Beach,259,95,109,3,1583,6,34
11400,Elizabeth Hills,3208,1570,1391,65,2413,12,154
11401,Ellalong,1351,344,647,44,1697,35,107
11402,Elland,331,90,167,9,1437,16,38
11403,Ellangowan (NSW),318,67,141,4,1375,8,47
11404,Ellenborough,171,37,54,4,730,4,22
11405,Ellerslie (Snowy Valleys - NSW),39,17,23,0,1875,0,10
11406,Ellerslie (Wentworth - NSW),56,7,23,0,1999,0,12
11407,Ellerston,123,45,86,5,1446,4,10
11408,Ellis Lane,852,306,398,12,2269,22,95
11409,Elong Elong,142,39,64,0,1145,0,19
11410,Elrington,155,48,72,0,1843,4,16
11411,Elsmore,358,161,76,5,1199,3,164
11412,Eltham (NSW),332,174,183,11,1978,4,46
11413,Elvina Bay,80,56,44,0,1958,7,26
11414,Emerald Beach,2677,1106,1343,56,1813,61,331
11415,Emerald Hill,137,40,71,0,1708,5,30
11416,Emerton,2295,703,749,86,1238,13,91
11417,Emmaville,505,114,163,10,748,33,73
11418,Empire Bay,2522,943,1202,42,1884,55,259
11419,Empire Vale,185,68,101,0,1428,12,32
11420,Emu Heights (NSW),3205,1310,1804,51,2398,70,368
11421,Emu Plains,8126,3098,3936,123,1877,186,852
11422,Emu Swamp,156,80,79,0,2687,0,33
11423,Endrick,0,0,0,0,0,0,0
11424,Enfield (NSW),2992,1704,1442,92,1742,19,254
11425,Engadine,17736,7533,9088,244,2303,355,1979
11426,Englorie Park,361,167,185,0,1653,6,22
11427,Enmore (Armidale Regional - NSW),34,11,13,0,1687,3,7
11428,Enmore (Inner West - NSW),3871,2678,2543,112,2309,50,549
11429,Enngonia,183,34,48,0,1562,0,25
11430,Environa,0,0,0,0,0,0,0
11431,Epping (NSW),29551,19677,15231,828,2243,249,3517
11432,Eraring,221,92,92,0,1981,4,50
11433,Eremerang,21,6,13,0,1937,0,6
11434,Erigolia,29,9,17,0,2249,0,4
11435,Erin Vale,36,12,23,0,1937,0,6
11436,Erina,5205,1897,1651,62,1010,167,540
11437,Erina Heights,454,212,254,6,2819,8,57
11438,Ermington,12686,6821,6011,319,1993,354,1053
11439,Erowal Bay,652,222,276,11,1407,36,78
11440,Errowanbang,52,18,24,0,1833,0,7
11441,Erskine Park,6486,2604,3564,153,2349,70,362
11442,Erskineville,9657,7306,7024,224,3020,115,1273
11443,Erudgere,108,37,53,0,2791,5,27
11444,Eschol Park,2607,987,1265,60,1851,49,162
11445,Esk (NSW),0,0,0,0,0,0,0
11446,Essington,99,41,49,0,1874,0,20
11447,Estella,2541,1087,1325,38,1920,97,315
11448,Ettalong Beach,5161,1877,2000,126,1077,129,491
11449,Ettamogah,92,27,43,0,2333,0,15
11450,Ettrema,0,0,0,0,0,0,0
11451,Ettrick (NSW),149,52,71,0,1202,5,25
11452,Euabalong,125,19,58,5,825,0,13
11453,Euabalong West,20,3,14,0,1125,0,4
11454,Euberta,130,64,80,0,1812,6,26
11455,Euchareena,170,48,80,0,900,6,28
11456,Eucumbene,28,20,17,0,849,0,7
11457,Eugowra,862,214,374,7,1245,24,129
11458,Eulah Creek,84,27,44,0,2250,0,17
11459,Eumungerie,384,92,176,4,1288,15,39
11460,Eunanoreenya,165,77,102,0,2299,0,34
11461,Eungai Creek,397,98,156,13,1075,4,60
11462,Eungai Rail,208,55,91,12,979,3,15
11463,Eungella (NSW),350,134,150,5,1012,9,61
11464,Eureka (NSW),353,168,172,6,1944,10,69
11465,Eurimbla,44,25,22,0,2374,0,17
11466,Eurobodalla,80,18,39,4,1075,0,6
11467,Euroka,348,110,178,3,1875,4,60
11468,Euroley,76,26,45,0,1625,0,13
11469,Eurongilly,91,37,42,0,2250,4,22
11470,Eurunderee,186,99,105,4,2583,3,38
11471,Euston,822,208,367,11,1612,11,64
11472,Evans Head,2907,889,1155,50,1086,104,455
11473,Evans Plains,168,60,97,0,2374,4,19
11474,Eveleigh,606,354,327,30,1339,0,64
11475,Eviron,229,92,112,4,1666,8,40
11476,Ewingar,53,16,19,0,493,0,22
11477,Ewingsdale,1025,510,529,25,2553,18,175
11478,Exeter (NSW),1087,566,495,3,1914,32,169
11479,Failford,748,168,237,14,1005,18,75
11480,Fairfield (NSW),18596,7157,5073,608,1092,65,744
11481,Fairfield East,5198,2017,1591,147,1212,21,182
11482,Fairfield Heights,8269,3052,2103,250,1285,28,318
11483,Fairfield West,12981,4898,4030,327,1428,56,507
11484,Fairholme,43,17,20,0,1374,0,5
11485,Fairlight,6141,4052,3563,116,3251,84,1003
11486,Fairy Hill,407,109,179,9,1348,16,42
11487,Fairy Meadow,7512,3380,3568,204,1407,135,790
11488,Falbrook,29,4,14,0,1375,0,0
11489,Falconer,52,16,25,0,2062,0,10
11490,Falls Creek (NSW),939,280,440,13,1508,36,101
11491,Far Meadow,209,110,99,0,1930,11,51
11492,Fargunyah,22,8,11,0,1125,0,9
11493,Farley,605,213,313,11,2015,12,48
11494,Farmborough Heights,4179,1810,2143,76,2234,57,407
11495,Farnham,21,7,14,0,1187,3,3
11496,Farrants Hill,131,63,52,4,1375,7,22
11497,Farringdon,21,12,14,0,2374,0,6
11498,Fassifern (NSW),586,198,281,16,1343,16,71
11499,Faulconbridge,4156,2008,2083,53,2152,115,626
11500,Faulkland,106,45,55,0,1718,0,25
11501,Fawcetts Plain,155,38,83,4,1718,6,28
11502,Federal (NSW),784,405,390,20,1910,7,154
11503,Fennell Bay,1780,555,812,47,1375,54,185
11504,Fern Bay,4046,1382,1633,65,1435,291,458
11505,Fern Gully,47,9,23,0,2750,0,10
11506,Fernances,7,3,4,0,900,0,3
11507,Fernances Crossing,36,23,18,0,1625,0,14
11508,Fernbank Creek,122,41,65,0,1625,4,16
11509,Fernbrook,131,48,69,0,1271,0,27
11510,Fernhill,987,349,371,13,1107,12,102
11511,Fernleigh,298,142,154,8,2024,5,43
11512,Fernmount,444,192,208,13,1784,9,88
11513,Fernside,55,20,34,0,1624,0,13
11514,Fernvale (NSW),261,95,121,11,1485,8,42
11515,Ferodale,98,31,46,0,1562,4,11
11516,Fiddletown,259,120,121,7,2562,0,30
11517,Fifield,128,39,59,5,1541,0,31
11518,Figtree,12335,5617,6068,241,2042,169,1452
11519,Findon Creek,36,13,12,0,762,0,11
11520,Fine Flower,25,4,16,0,1625,0,4
11521,Fingal Bay,1635,503,530,30,1114,79,279
11522,Fingal Head,615,302,309,16,1614,12,109
11523,Finley,2455,626,1051,34,1066,48,509
11524,Firefly,247,80,115,5,1375,9,33
11525,Fishermans Bay,76,49,38,0,1875,5,20
11526,Fishermans Paradise,491,126,169,14,1016,20,49
11527,Fishermans Reach,144,39,51,4,739,9,18
11528,Fishers Hill,56,26,31,0,1874,0,8
11529,Fishing Point,1105,482,502,20,1755,48,157
11530,Fitzgeralds Mount,25,7,13,0,1624,0,4
11531,Fitzgeralds Valley,12,9,9,0,2750,0,0
11532,Fitzroy Falls,220,119,114,0,2250,11,51
11533,Five Dock,9823,5413,5199,179,2328,93,957
11534,Five Ways,27,3,18,0,900,0,9
11535,Flat Tops,21,13,15,0,1625,0,0
11536,Fletcher (NSW),8014,3482,4428,184,2545,173,713
11537,Flinders (NSW),7118,2609,3682,129,2103,118,551
11538,Floraville,1814,716,969,23,2128,36,219
11539,Forbes (NSW),8157,2328,3691,150,1221,155,1165
11540,Forbes Creek,62,33,32,0,2666,6,15
11541,Forbes River,20,4,7,0,2749,0,0
11542,Forbesdale,170,36,84,4,1333,0,35
11543,Fords Bridge,30,6,24,0,1875,0,3
11544,Fordwich,90,32,37,0,1625,0,14
11545,Forest Glen (NSW),71,29,34,0,2583,0,7
11546,Forest Grove (NSW),115,66,61,0,3166,4,18
11547,Forest Hill (NSW),3081,1248,1714,43,1788,637,254
11548,Forest Land,0,0,0,0,0,0,0
11549,Forest Lodge,4965,3721,3245,124,2437,45,677
11550,Forest Reefs,537,201,274,6,2343,9,106
11551,Forestville (NSW),8659,4711,4116,128,2507,146,1308
11552,Forresters Beach,3354,1454,1565,50,1758,83,408
11553,Forster (NSW),14187,4319,5092,248,1009,523,1913
11554,Fortis Creek,38,6,10,0,849,3,3
11555,Fosters Valley,72,27,28,0,2062,3,7
11556,Fosterton,94,44,48,0,1325,0,24
11557,Fountaindale,726,317,392,5,2903,20,104
11558,Four Corners,0,0,0,0,0,0,0
11559,Four Mile Creek (NSW),16,7,11,0,4625,0,4
11560,Fowlers Gap,26,12,17,0,1625,0,9
11561,Foxground,164,98,85,0,2166,0,43
11562,Frazer Park,0,0,0,0,0,0,0
11563,Frazers Creek,215,61,98,0,1392,4,31
11564,Frederickton,1452,362,566,38,1114,48,158
11565,Freeburn Island,0,0,0,0,0,0,0
11566,Freemans,0,0,0,0,0,0,0
11567,Freemans Reach,2049,619,1098,35,2143,39,226
11568,Freemans Waterhole,120,29,50,12,619,0,19
11569,Freemantle,28,10,17,0,1999,0,0
11570,French Park,17,4,8,0,1625,0,4
11571,Frenchs Forest,14267,7837,7440,236,3109,225,2020
11572,Freshwater (NSW),9186,5655,5406,143,2726,123,1340
11573,Frog Rock,170,38,80,0,1812,6,17
11574,Frogmore,146,64,80,0,1562,3,23
11575,Frogs Hollow,117,39,54,0,1292,0,22
11576,Frying Pan,11,0,3,0,575,0,3
11577,Fullerton,47,22,29,0,1375,0,10
11578,Fullerton Cove,735,190,173,4,1062,37,111
11579,Furracabad,49,15,30,0,1312,0,17
11580,Gables,3339,1705,1816,63,3219,16,244
11581,Gadara,49,21,28,0,1625,0,3
11582,Gala Vale,13,5,8,0,2374,0,0
11583,Galambine,100,28,49,0,3200,0,12
11584,Galong,235,72,101,4,1111,8,37
11585,Galore,70,31,42,0,1375,0,21
11586,Galston,3195,1544,1548,52,2295,85,528
11587,Ganbenang,109,32,62,0,1958,3,13
11588,Gangat,40,4,17,0,1375,0,4
11589,Ganmain,793,197,341,14,1175,26,201
11590,Garah,291,76,121,0,1343,7,41
11591,Garden Suburb,1959,882,1024,37,2361,55,216
11592,Garema,84,32,44,0,1312,0,17
11593,Garland,75,23,40,0,2374,0,12
11594,Garland Valley,22,0,10,0,900,0,0
11595,Garoo,93,35,59,0,1624,3,16
11596,Garra,117,28,60,0,2071,0,23
11597,Garthowen,169,55,92,3,2094,5,25
11598,Gateshead,3121,747,1349,103,1232,68,172
11599,Gearys Flat,3,0,0,0,1125,0,0
11600,Geehi,0,0,0,0,0,0,0
11601,Gelston Park,160,68,86,0,2437,4,28
11602,Gemalla,24,7,12,0,1749,0,9
11603,Geneva,699,198,273,19,1158,26,137
11604,Georges Creek (NSW),11,6,6,0,850,0,0
11605,Georges Hall,9739,3908,3463,155,1785,75,577
11606,Georges Plains,218,70,120,0,2125,7,26
11607,Georgetown (NSW),2072,1004,1239,52,2005,57,215
11608,Georgica,240,107,115,11,1212,9,44
11609,Gerogery,684,184,332,6,1819,26,110
11610,Gerringong,4165,1819,1972,69,1899,156,706
11611,Gerroa,571,300,260,12,1919,19,113
11612,Geurie,706,212,358,17,1416,12,93
11613,Ghinni Ghi,41,6,23,0,849,0,0
11614,Ghinni Ghinni,45,12,25,3,900,0,0
11615,Ghoolendaadi,85,26,43,3,1875,4,19
11616,Giants Creek,149,34,68,8,1187,7,18
11617,Gibberagee,35,8,6,6,575,0,3
11618,Gibraltar Range,118,0,0,0,3250,0,0
11619,Gidginbung,69,14,33,0,1812,0,13
11620,Gidley,91,25,46,0,949,0,15
11621,Gilead,882,177,96,0,758,40,92
11622,Gilgai,740,176,293,18,1151,19,75
11623,Gilgandra,2983,693,1208,76,1083,52,465
11624,Gilgooma,44,17,19,0,2333,0,16
11625,Gilgunnia,0,0,0,0,0,0,0
11626,Gillenbah,119,26,43,0,1604,7,20
11627,Gilletts Ridge,44,15,18,0,1624,0,3
11628,Gillieston Heights,4796,1677,2572,112,1986,120,287
11629,Gilmandyke,17,4,7,0,900,0,3
11630,Gilmore (NSW),229,56,119,7,1771,7,43
11631,Gin Gin (NSW),159,64,72,0,1645,0,30
11632,Gineroi,63,22,39,0,1312,4,17
11633,Ginghi,15,4,11,0,1624,0,3
11634,Gingkin,62,18,34,0,1208,0,6
11635,Girards Hill,1318,602,663,45,1237,34,216
11636,Girilambone,86,14,39,0,1416,0,11
11637,Giro,0,0,3,0,0,0,3
11638,Girral,53,6,29,0,900,0,8
11639,Girralong,44,26,19,0,849,0,11
11640,Girraween (NSW),6256,3270,2876,180,2378,25,503
11641,Girvan,210,51,72,3,1271,3,24
11642,Gladesville,12867,7774,7217,243,2257,172,1523
11643,Gladstone (NSW),437,93,181,10,1281,9,49
11644,Glanmire (NSW),186,71,99,0,1958,5,26
11645,Glebe (NSW),11680,7774,6332,383,1756,173,1801
11646,Gledswood Hills,6112,2901,3284,128,2780,75,329
11647,Glen Alice,56,27,28,0,1542,4,13
11648,Glen Allen,55,21,16,0,933,0,8
11649,Glen Alpine,4429,2135,2305,84,2669,76,445
11650,Glen Davis,106,29,46,0,814,3,28
11651,Glen Elgin,32,11,19,0,1624,0,11
11652,Glen Fergus,15,10,6,0,3999,0,3
11653,Glen Innes,6219,1728,2395,177,904,201,930
11654,Glen Martin,158,57,79,4,1625,4,26
11655,Glen Nevis,0,0,0,0,0,0,0
11656,Glen Oak,426,123,215,3,2178,21,48
11657,Glen Ward,3,0,0,0,725,0,3
11658,Glen William,143,51,82,5,1875,0,30
11659,Glenbawn,89,34,55,0,2250,0,3
11660,Glenbrook,5078,2699,2673,88,2502,146,816
11661,Glencoe (NSW),166,57,84,4,1406,4,44
11662,Glendale (NSW),3260,1135,1625,92,1514,74,286
11663,Glendenning,5196,2524,2595,129,2203,27,297
11664,Glendon,114,40,56,3,2449,3,28
11665,Glendon Brook,368,90,178,4,2250,3,36
11666,Glenelg (NSW),44,22,29,0,1875,0,15
11667,Glenellen,130,42,72,0,2166,0,33
11668,Glenfield (NSW),10536,5367,4946,292,2070,131,684
11669,Glenfield Park,5078,1615,2672,132,1508,187,469
11670,Glengarrie,102,38,35,0,1041,0,8
11671,Glenhaven,6619,3516,3197,110,2532,130,1020
11672,Gleniffer,414,208,210,16,1478,11,101
11673,Glenmore (NSW),108,36,52,0,2166,4,15
11674,Glenmore Park,25021,10771,14020,417,2526,434,1858
11675,Glennies Creek,33,6,21,0,2050,0,0
11676,Glenning Valley,2023,866,1106,43,2252,43,213
11677,Glenorie,3792,1752,1970,51,2524,50,470
11678,Glenquarry,261,118,142,3,2156,3,56
11679,Glenreagh,1005,244,404,28,1384,33,110
11680,Glenridding,259,56,122,11,1142,6,26
11681,Glenrock (NSW),10,5,5,0,1125,0,6
11682,Glenroy (Albury - NSW),3528,1299,1750,49,1557,113,501
11683,Glenroy (Snowy Valleys - NSW),85,32,49,0,2250,5,24
11684,Glenthorne,234,72,107,7,1158,3,34
11685,Glenugie,1298,50,110,17,1166,6,30
11686,Glenwood (NSW),15829,9300,8644,414,3068,122,1676
11687,Glenworth Valley,12,6,7,0,725,0,0
11688,Glossodia,2865,833,1536,44,2119,56,289
11689,Gloucester,3133,816,1164,61,985,111,541
11690,Gloucester Tops,0,0,0,0,0,0,0
11691,Goat Island,4,4,4,0,0,0,4
11692,Gobarralong,63,24,31,0,2299,3,17
11693,Gobbagombalin,2184,1082,1264,22,2510,114,206
11694,Gocup,153,40,91,0,2431,4,30
11695,Godfreys Creek,65,22,34,0,1843,3,14
11696,Gogeldrie,65,21,47,0,2333,3,17
11697,Gol Gol,1956,646,1018,25,2104,53,255
11698,Gollan,109,42,70,0,1562,3,31
11699,Golspie,81,29,43,0,1562,0,17
11700,Gongolgon,31,4,17,0,1125,0,4
11701,Gonn,42,12,27,0,1562,0,16
11702,Gooandra,0,0,0,0,0,0,0
11703,Goobarragandra,89,41,39,0,1458,4,12
11704,Good Forest,38,13,16,0,2062,0,10
11705,Good Hope,159,64,94,0,1906,0,36
11706,Goodmans Ford,0,0,0,0,0,0,0
11707,Goodnight,86,23,27,0,1375,3,18
11708,Goodooga,223,43,72,4,780,0,11
11709,Goodwood Island,91,14,30,3,833,6,6
11710,Googong,7444,3848,4390,74,3371,669,751
11711,Goolgowi,416,100,201,9,1375,4,59
11712,Goolhi,65,19,38,0,1437,0,4
11713,Goolma,95,27,47,0,1291,3,24
11714,Goolmangar,183,37,89,5,1803,0,19
11715,Gooloogong,408,97,184,7,992,14,65
11716,Goombargana,59,12,24,0,1187,0,13
11717,Goonellabah,13351,4747,6234,295,1318,374,1802
11718,Goonengerry,422,211,172,9,1300,6,90
11719,Goonoo Forest,13,4,5,0,749,0,0
11720,Goonoo Goonoo,42,18,34,0,2583,0,4
11721,Goonumbla,98,32,55,0,1374,4,27
11722,Goorangoola,52,19,33,0,2583,0,16
11723,Goorianawa,20,10,12,0,1125,0,6
11724,Gordon (NSW),8795,6102,4576,228,2460,114,1363
11725,Gorge Creek,16,3,10,0,900,0,0
11726,Gormans Hill,887,258,294,20,1083,21,64
11727,Gorokan,8624,2386,3482,258,1156,186,560
11728,Gosford,4873,2680,2788,144,1421,86,414
11729,Gosforth,82,31,33,0,1416,3,3
11730,Gostwyck,17,5,13,0,1374,0,3
11731,Goulburn,23963,7775,11073,507,1405,684,2516
11732,Gouldsville,24,7,14,0,1875,4,8
11733,Gowan,38,15,19,0,1374,4,3
11734,Gowang,27,9,18,0,762,0,11
11735,Gowrie (Singleton - NSW),338,120,197,4,3062,5,47
11736,Gowrie (Tamworth Regional - NSW),96,42,55,0,1833,0,27
11737,Grabben Gullen,248,70,120,4,1218,3,46
11738,Gradys Creek,59,20,18,0,1281,0,7
11739,Grafton,10563,3183,4463,268,1179,326,1281
11740,Gragin,15,7,13,0,1875,0,0
11741,Grahamstown,71,19,44,0,1125,4,12
11742,Graman,102,25,27,3,949,0,3
11743,Grantham Farm,3669,1864,1975,79,2570,49,250
11744,Grants Beach,8,4,0,0,0,0,0
11745,Granville (NSW),16716,9329,7542,693,1598,65,911
11746,Grasmere,2105,764,766,24,1652,56,275
11747,Grassy Head,85,37,37,4,1124,0,16
11748,Grattai,330,108,179,4,1287,8,38
11749,Gravesend,299,82,160,0,1406,4,54
11750,Grays Point,3034,1581,1653,41,3061,57,428
11751,Great Mackerel Beach,50,34,16,0,1124,4,19
11752,Great Marlow,184,54,94,0,1399,7,36
11753,Green Cape,3,0,0,0,0,0,0
11754,Green Creek,19,9,9,0,2250,0,3
11755,Green Forest,11,5,8,0,1625,0,0
11756,Green Gully (NSW),49,12,26,0,1166,0,3
11757,Green Hills (Armidale Regional - NSW),16,4,8,0,1375,0,4
11758,Green Hills (Snowy Valleys - NSW),0,0,0,0,0,0,0
11759,Green Pigeon,176,62,76,0,987,0,29
11760,Green Point (Central Coast - NSW),6810,2899,3042,106,1510,141,785
11761,Green Point (Mid-Coast - NSW),522,168,245,9,1174,7,68
11762,Green Valley (NSW),12919,5771,5101,386,1775,34,568
11763,Greenacre,26314,11194,8444,700,1449,102,1540
11764,Greendale (Bega Valley - NSW),94,49,52,0,1416,6,16
11765,Greendale (Liverpool - NSW),314,88,138,4,1958,6,19
11766,Greenethorpe,202,61,87,3,1037,3,34
11767,Greenfield Park,5394,2230,1775,163,1477,10,228
11768,Greengrove,14,7,6,0,1437,0,0
11769,Greenhill (NSW),757,159,255,33,1284,17,104
11770,Greenhills Beach,1375,745,781,17,4704,17,159
11771,Greenlands (Singleton - NSW),102,24,58,0,2349,3,11
11772,Greenlands (Snowy Monaro Regional - NSW),20,3,14,0,1375,0,9
11773,Greenleigh,676,409,382,3,3263,67,154
11774,Greenridge,156,27,77,0,1485,7,12
11775,Greenwell Point,1245,328,491,32,1096,70,121
11776,Greenwich,5469,3761,3041,103,2946,111,956
11777,Greenwich Park,162,61,71,0,1624,0,26
11778,Greg Greg,36,11,22,0,2583,0,17
11779,Gregadoo,274,101,159,4,2305,4,55
11780,Gregory Hills,9142,4250,4774,161,2406,82,450
11781,Greigs Flat,206,69,90,4,1458,6,36
11782,Grenfell,2600,693,1052,52,991,97,509
11783,Gresford,240,67,114,3,1525,6,45
11784,Greta (NSW),3349,836,1762,83,1929,90,254
11785,Greta Main,73,16,34,3,1812,4,14
11786,Grevillia,79,30,29,0,819,4,10
11787,Greystanes,23511,9890,9807,446,1930,240,1643
11788,Griffith (NSW),19505,6710,10074,343,1676,202,1991
11789,Grogan,87,23,51,0,2166,0,21
11790,Grong Grong,287,71,132,4,1388,3,53
11791,Grose Vale,1272,541,696,29,2447,33,168
11792,Grose Wold,668,244,355,6,2409,21,95
11793,Grosses Plain,34,14,20,0,2750,0,8
11794,Growee,12,0,4,0,1499,0,0
11795,Guerilla Bay,59,36,13,0,1458,0,21
11796,Guildford (NSW),24091,9661,7512,797,1314,108,1201
11797,Guildford West,5762,2216,1896,153,1583,53,277
11798,Gulargambone,528,119,219,24,953,16,87
11799,Gulf Creek,45,12,23,0,850,0,8
11800,Gulgong,2680,677,1173,51,1371,69,317
11801,Gulmarrad,1950,596,813,35,1302,82,288
11802,Gum Flat,209,63,112,0,1350,8,34
11803,Gum Scrub,121,42,66,0,1583,0,15
11804,Gumbalie,23,9,9,0,3999,0,5
11805,Gumble,49,16,26,0,1187,0,25
11806,Gumly Gumly,450,132,213,6,1983,9,51
11807,Gumma,486,144,193,3,1204,25,63
11808,Gunbar,33,10,24,0,2166,0,3
11809,Gundagai,1699,488,739,18,1225,33,264
11810,Gundamulda,25,10,11,0,1125,0,10
11811,Gundaroo,1233,690,730,28,3243,81,290
11812,Gundary,306,111,159,0,2200,13,47
11813,Gunderbooka,27,3,9,0,1062,0,0
11814,Gunderman,189,76,92,5,1062,9,18
11815,Gundy,165,57,96,0,1525,4,31
11816,Gungal,186,48,82,5,1333,10,24
11817,Gungalman,19,8,11,0,2249,0,3
11818,Gunnedah,10359,2864,4809,214,1564,207,1317
11819,Gunning,820,300,397,13,2049,49,145
11820,Gunning Gap,88,25,43,0,1312,0,11
11821,Gunningbland,90,26,39,0,1875,4,13
11822,Gunningrah,26,13,17,0,2750,0,9
11823,Guntawang,43,14,28,0,2374,3,15
11824,Gurley,248,63,107,0,1562,6,37
11825,Gurnang,94,0,0,0,0,0,0
11826,Gurranang,57,11,17,6,706,4,7
11827,Gurrundah,80,26,46,0,2125,4,13
11828,Guyong,118,51,63,0,1562,0,13
11829,Guyra,2003,526,841,43,1040,40,229
11830,Gwabegar,124,22,41,4,860,3,14
11831,Gwandalan,3785,1091,1724,79,1493,98,297
11832,Gwynneville,3139,1886,1580,150,1394,36,433
11833,Gymea,8219,4016,4395,151,2049,181,823
11834,Gymea Bay,6983,3509,3758,108,3047,96,929
11835,Haberfield,6480,3565,3282,112,2761,56,861
11836,Hacks Ferry,9,6,8,0,4625,0,0
11837,Halekulani,2677,677,1040,51,1031,81,187
11838,Halfway Creek,246,63,100,7,1208,6,20
11839,Hallidays Point,656,261,286,4,1454,23,120
11840,Halloran,34,6,15,0,1149,0,0
11841,Halls Creek (NSW),180,64,100,0,1437,4,37
11842,Hallsville,642,232,344,10,2008,17,103
11843,Halton,25,7,17,0,1374,0,10
11844,Hambledon Hill,14,7,3,0,1937,0,0
11845,Hamilton (NSW),4614,2590,2717,116,1689,128,603
11846,Hamilton East,997,533,510,21,2297,31,156
11847,Hamilton North,934,434,550,17,1934,26,89
11848,Hamilton South,4057,1755,1777,121,1426,104,534
11849,Hamilton Valley,834,277,459,11,1924,13,82
11850,Hamlyn Terrace,8761,2972,4143,181,1941,158,602
11851,Hammondville,3691,1423,1502,50,1868,91,273
11852,Hampden Hall,74,20,32,0,1199,0,13
11853,Hampton (NSW),118,53,53,0,1446,3,20
11854,Hanging Rock,98,33,31,0,849,4,18
11855,Hanleys Creek,3,0,0,0,4750,0,0
11856,Hannam Vale,218,92,95,0,1406,5,43
11857,Hanwood,1388,384,678,12,1856,11,153
11858,Harden,1900,466,740,39,973,61,307
11859,Hardys Bay,233,148,117,4,2068,10,57
11860,Harefield,165,75,99,0,3035,4,38
11861,Hargraves,300,71,120,7,872,8,41
11862,Harolds Cross,79,49,48,0,2374,3,22
11863,Harparary,47,15,29,0,2250,0,14
11864,Harpers Hill,64,20,31,0,1562,7,10
11865,Harrington,3381,817,926,61,883,190,502
11866,Harrington Park,13332,5638,7181,193,3014,206,1028
11867,Harris Park,5043,3363,2682,226,1779,14,321
11868,Hartley (NSW),478,162,250,3,1906,11,78
11869,Hartley Vale,84,27,45,0,1708,0,17
11870,Hartwood,26,8,14,0,2125,0,4
11871,Hartys Plains,36,16,17,0,1749,0,3
11872,Harwood,346,86,161,11,1101,9,33
11873,Hassall Grove,4401,1941,2149,132,2018,35,244
11874,Hassans Walls,0,0,0,0,0,0,0
11875,Hastings Point,661,181,170,4,744,21,85
11876,Hat Head,365,143,143,10,990,11,63
11877,Hatfield,10,6,7,0,725,0,4
11878,Havilah (NSW),42,19,19,0,2125,0,9
11879,Hawkesbury Heights,468,196,260,12,2279,16,46
11880,Hawks Nest,1413,512,475,23,1096,50,236
11881,Hay (NSW),2300,643,1039,44,1152,45,409
11882,Hay South,357,121,183,3,1413,5,79
11883,Hayes Gap,22,5,13,0,2250,0,3
11884,Haymarket,8305,6344,4476,437,1931,41,537
11885,Haystack,3,0,3,0,1125,0,3
11886,Hayters Hill,40,20,19,0,2749,0,4
11887,Haywards Bay,1280,459,659,22,2308,28,92
11888,Hazelbrook,5077,2379,2528,105,1794,123,759
11889,Hazelgrove,97,39,53,0,1775,3,17
11890,Heathcote (NSW),6148,2602,3132,83,2240,146,818
11891,Heatherbrae,654,162,262,20,1066,27,42
11892,Hebden,67,17,41,0,3416,0,11
11893,Hebersham,5643,1889,2032,179,1335,44,304
11894,Heckenberg,3263,1103,960,121,1159,23,128
11895,Heddon Greta,2838,813,1509,55,2130,61,187
11896,Heifer Station,8,7,8,0,2124,0,3
11897,Helensburgh,6576,2640,3565,111,2490,119,819
11898,Henley,455,290,224,4,3353,8,75
11899,Henty (NSW),1225,322,484,19,1016,52,283
11900,Hereford Hall,23,12,9,0,1249,3,0
11901,Hermidale,127,25,61,0,1562,0,24
11902,Hermitage Flat,323,86,128,7,979,8,28
11903,Hernani,117,44,54,0,1375,0,29
11904,Herons Creek,246,66,107,0,1266,8,36
11905,Hexham (NSW),157,35,57,3,928,5,11
11906,Hickeys Creek,128,39,54,5,1125,10,14
11907,High Range,497,217,242,7,2750,9,71
11908,Higher Macdonald,20,4,9,0,762,0,7
11909,Highfields (NSW),936,412,503,19,2198,31,111
11910,Hill End (NSW),111,30,40,3,749,4,21
11911,Hill Top (Snowy Monaro Regional - NSW),115,56,64,0,2100,3,27
11912,Hill Top (Wingecarribee - NSW),2792,825,1491,52,1924,57,251
11913,Hilldale,193,63,102,3,1550,5,32
11914,Hillgrove (Armidale Regional - NSW),174,60,75,3,1021,9,31
11915,Hillgrove (Wagga Wagga - NSW),30,11,10,0,1541,0,6
11916,Hillsborough (Lake Macquarie - NSW),641,234,345,19,1970,16,60
11917,Hillsborough (Maitland - NSW),50,18,27,0,2333,0,0
11918,Hillsdale,5647,3128,3007,175,1635,57,330
11919,Hillston,1547,477,800,16,1486,20,210
11920,Hillville,302,100,147,7,1281,10,53
11921,Hillvue,6528,2227,3430,122,1701,174,864
11922,Hinchinbrook (NSW),11521,5249,4748,332,1909,52,538
11923,Hinton,471,160,259,6,2131,14,71
11924,Hobartville,2712,968,1369,65,1759,96,272
11925,Hobbys Yards,89,35,47,0,1583,3,24
11926,Hogarth Range,66,19,29,0,1031,0,17
11927,Holbrook,1650,499,656,18,1101,58,293
11928,Holgate,1023,502,530,15,2951,21,158
11929,Hollisdale,52,25,25,0,1375,6,11
11930,Hollydeen,44,8,26,0,1875,0,3
11931,Holmesville,1413,358,724,29,1884,28,99
11932,Holroyd,1248,716,552,40,1893,4,80
11933,Holsworthy,5657,3001,3209,112,2571,606,412
11934,Holts Flat,10,7,7,0,3250,0,0
11935,Home Rule,55,5,16,0,966,3,0
11936,Homebush (NSW),11660,8255,6826,437,2101,221,770
11937,Homebush West,9108,5972,5054,412,1952,27,573
11938,Homeleigh,120,47,60,0,1083,6,13
11939,Honeybugle,41,6,15,0,1625,0,3
11940,Hopefield,95,36,53,0,2208,0,17
11941,Hopkins Creek,139,58,64,0,1375,0,31
11942,Horningsea Park,3673,1833,1824,85,2457,26,240
11943,Hornsby,22462,14010,12064,567,1952,224,2426
11944,Hornsby Heights,6354,3523,3332,119,2699,92,928
11945,Horse Station Creek,147,54,75,5,1341,8,32
11946,Horseshoe Bend,427,130,199,11,1375,5,42
11947,Horseshoe Creek,69,12,41,0,1375,0,8
11948,Horsfield Bay,501,259,270,16,2083,9,96
11949,Horsley,9437,3384,5007,181,2164,137,710
11950,Horsley Park,1790,612,745,17,2135,15,152
11951,Hoskinstown,191,100,113,4,2916,9,45
11952,Hovells Creek,27,7,13,0,1375,0,8
11953,Howards Grass,78,36,48,0,1850,5,16
11954,Howell,31,3,16,0,966,5,4
11955,Howes Valley,80,24,27,0,749,0,10
11956,Howick (NSW),0,0,0,0,0,0,0
11957,Howlong,2997,814,1342,49,1293,148,410
11958,Hoxton Park,4572,2016,1920,136,1960,28,217
11959,Humula,129,34,55,0,1218,7,30
11960,Hungerford (NSW),12,5,9,0,4750,0,0
11961,Hunters Hill,9014,5179,4150,144,3413,131,1503
11962,Hunterview,3113,997,1701,65,2379,133,347
11963,Huntingdon,86,28,32,0,2050,3,16
11964,Huntingwood,3,0,0,0,0,0,0
11965,Huntley (Orange - NSW),161,67,88,0,2437,6,26
11966,Huntley (Wollongong - NSW),66,21,25,0,1937,0,5
11967,Huntleys Cove,740,496,375,13,2359,21,147
11968,Huntleys Point,142,100,70,0,3999,0,27
11969,Huonbrook,99,38,29,0,725,0,26
11970,Hurlstone Park,5001,2970,2623,100,2121,51,560
11971,Hurstville,31162,20209,15560,1071,1804,137,1724
11972,Hurstville Grove,2606,1508,1250,50,2419,35,265
11973,Huskisson,840,351,357,8,1294,56,137
11974,Hyams Beach,137,91,39,4,1850,6,40
11975,Hydes Creek,155,68,69,8,2050,0,33
11976,Hyland Park,440,174,197,16,989,9,68
11977,Hyndmans Creek,41,17,23,0,1166,0,10
11978,Ilarwill,233,72,98,11,1162,8,49
11979,Ilford,165,57,69,4,933,8,37
11980,Illabo,132,45,62,3,1031,5,33
11981,Illaroo,41,14,21,0,1624,4,10
11982,Illawong,7427,3864,3835,116,2778,100,799
11983,Iluka (NSW),1764,452,499,45,834,84,297
11984,Indi,25,12,20,0,3124,0,14
11985,Ingebirah,93,33,48,0,2250,0,14
11986,Ingeegoodbee,0,0,0,0,0,0,0
11987,Ingleburn,15264,6933,6786,459,1596,234,991
11988,Ingleside,1030,488,557,8,2776,18,143
11989,Innes View,26,6,15,0,687,0,0
11990,Inverell,12057,3402,5114,325,1187,281,1486
11991,Invergordon (NSW),34,10,10,0,1041,0,16
11992,Invergowrie,794,360,427,20,1906,24,161
11993,Iron Pot Creek,23,3,12,0,1374,0,3
11994,Ironbark (NSW),22,6,18,0,812,0,0
11995,Ironmungy,0,0,0,0,0,0,0
11996,Irvington,70,14,42,4,1199,5,5
11997,Irymple (NSW),3,0,6,0,400,0,0
11998,Isabella,58,9,19,0,1312,0,5
11999,Islington,2026,1195,1305,63,1828,51,282
12000,Ivanhoe (NSW),261,54,121,0,1416,3,44
12001,Jackadgery,132,23,56,0,1562,7,20
12002,Jacks Creek,180,49,81,3,1224,9,9
12003,Jacksons Flat,41,15,32,0,1375,0,4
12004,Jacky Bulbin Flat,58,24,24,0,1124,4,9
12005,Jagumba,0,0,0,0,0,0,0
12006,Jagungal Wilderness,0,0,0,0,0,0,0
12007,Jamberoo,1910,880,908,19,2131,48,438
12008,James Creek,257,86,107,0,1774,11,39
12009,Jamisontown,5321,1914,2686,97,1538,119,336
12010,Jannali,6632,3237,3389,126,2220,103,736
12011,Jaspers Brush,362,175,175,0,1890,7,85
12012,Jaunter,11,5,3,0,537,0,3
12013,Jeir,271,149,160,0,3536,10,44
12014,Jellat Jellat,85,38,43,0,1875,5,30
12015,Jemalong,82,26,42,0,1218,0,17
12016,Jembaicumbene,64,27,41,0,2250,4,7
12017,Jennings,168,38,47,8,792,16,21
12018,Jenolan,36,14,22,0,2083,3,4
12019,Jeogla,40,13,24,0,1375,0,7
12020,Jerangle,90,31,46,0,1812,9,23
12021,Jeremadra,187,64,94,3,1708,4,18
12022,Jeremy,0,0,0,0,0,0,0
12023,Jerilderie,922,257,391,13,1166,25,208
12024,Jerrabattgulla,16,9,12,0,866,3,7
12025,Jerrabomberra,9601,5274,5814,103,3403,1009,1371
12026,Jerrara,132,70,69,0,2899,0,22
12027,Jerrawa,106,35,50,4,1875,10,21
12028,Jerrawangala,60,12,25,0,1906,0,7
12029,Jerrong,16,7,3,0,1374,0,0
12030,Jerrys Plains,447,140,253,15,2020,11,52
12031,Jerseyville,132,42,50,4,1015,3,11
12032,Jesmond,3210,1413,1398,138,1180,69,288
12033,Jewells,2452,866,1169,33,1732,77,288
12034,Jews Lagoon,0,0,0,0,1874,0,0
12035,Jiggi,370,137,203,12,1318,7,57
12036,Jilliby,1694,683,928,29,2713,28,211
12037,Jimenbuen,40,9,22,0,1562,0,9
12038,Jincumbilly,10,3,3,0,900,0,5
12039,Jindabyne,2986,1691,1975,36,2058,75,501
12040,Jinden,20,9,6,0,900,0,5
12041,Jindera,2721,841,1368,41,2013,85,398
12042,Jingellic,73,19,43,0,1562,5,20
12043,Jingera,39,12,26,0,1625,0,0
12044,Joadja,139,61,66,3,2042,3,19
12045,Joes Box,24,9,9,0,725,0,4
12046,Johns River,346,102,141,14,1194,13,54
12047,Jolly Nose,0,0,0,0,0,0,0
12048,Jones Bridge,15,6,7,0,2250,0,0
12049,Jones Island,82,25,36,0,1100,4,7
12050,Jordan Springs,11772,5388,6302,226,2484,195,638
12051,Judds Creek,12,6,12,0,2250,0,3
12052,Jugiong,255,85,129,0,1303,7,44
12053,Junction Hill,1547,491,624,21,1340,61,238
12054,Junee,5066,1128,1918,105,1354,122,569
12055,Junee Reefs,86,32,44,0,1687,0,33
12056,Kahibah,2603,1140,1373,49,1804,69,308
12057,Kains Flat,219,48,89,4,1625,7,18
12058,Kalang,280,126,123,10,989,3,64
12059,Kalaru,820,317,403,18,1458,17,175
12060,Kalkite,294,128,159,6,1589,9,37
12061,Kamarah,83,20,40,4,949,0,18
12062,Kameruka,192,59,82,0,1768,4,32
12063,Kanahooka,5698,1824,2352,96,1399,141,545
12064,Kanangra,0,0,0,0,0,0,0
12065,Kandos,1263,284,358,41,677,42,179
12066,Kangaloon,206,104,92,3,2650,3,32
12067,Kangaroo Creek,102,34,40,7,974,4,17
12068,Kangaroo Point (NSW),602,353,300,15,4111,5,63
12069,Kangaroo Valley,856,445,412,13,1578,26,210
12070,Kangaroobie,60,31,38,3,2250,0,7
12071,Kangiara,50,26,34,0,2250,0,6
12072,Kangy Angy,331,100,128,0,1199,10,32
12073,Kanimbla (NSW),184,82,81,0,1625,4,50
12074,Kanoona,147,46,74,0,1937,7,16
12075,Kanwal,4194,1215,1674,105,1344,114,265
12076,Kapooka,395,242,297,5,2386,261,34
12077,Kaputar,4,0,0,0,0,0,0
12078,Karaak Flat,43,10,21,0,1125,0,6
12079,Karabar,8517,3569,4508,191,1989,366,869
12080,Karangi,515,182,263,16,1899,15,80
12081,Kareela,3572,1816,1760,57,2765,70,380
12082,Kariong,6485,2736,3503,151,2200,112,611
12083,Kars Springs,37,21,27,0,1749,0,7
12084,Karuah,1618,320,559,27,1061,71,178
12085,Katoomba,8268,4150,3790,225,1171,204,1340
12086,Kayuga,49,15,25,0,1416,3,4
12087,Kearns,2693,1124,1438,59,2147,40,206
12088,Kearsley,838,214,404,19,1467,18,71
12089,Keepit,16,9,11,0,1999,0,0
12090,Keera,45,19,25,4,1042,0,11
12091,Keerrong,155,61,84,0,2125,4,24
12092,Keinbah,109,34,50,0,2042,7,14
12093,Keiraville,4001,2413,1985,190,1739,59,618
12094,Keith Hall,156,63,91,0,1286,9,19
12095,Kellys Plains,169,83,87,0,2374,0,36
12096,Kellyville,27011,15389,14495,593,3044,272,2836
12097,Kellyville Ridge,10890,5963,5906,255,3073,136,959
12098,Kelso (NSW),10039,3438,4835,216,1737,224,1062
12099,Kelvin,182,56,100,4,1812,0,32
12100,Kembla Grange,1452,625,822,36,2574,21,91
12101,Kembla Heights,88,25,41,0,1265,4,11
12102,Kemps Creek,2121,691,867,40,1753,29,75
12103,Kempsey,483,139,180,27,881,15,41
12104,Kendall,1153,320,510,27,1381,17,162
12105,Kenebri,31,7,17,3,725,0,9
12106,Kennaicle Creek,3,0,0,0,1875,0,4
12107,Kensington (NSW),11927,8263,6468,383,2118,147,1588
12108,Kenthurst,5313,2659,2760,88,3061,74,719
12109,Kentlyn,726,276,321,21,2066,8,78
12110,Kentucky,179,73,110,0,1531,5,35
12111,Kentucky South,121,46,55,0,1312,4,23
12112,Kerewong,7,0,0,0,762,0,0
12113,Keri Keri,4,0,5,0,2750,0,0
12114,Kerrabee,11,5,3,0,725,0,3
12115,Kerrigundi,14,0,8,0,75,0,0
12116,Kerrs Creek,58,19,34,0,1416,0,4
12117,Kew (NSW),1761,505,546,22,1107,102,302
12118,Keybarbin,0,0,0,0,0,0,0
12119,Khancoban,319,103,143,3,1199,12,64
12120,Khatambuhl,0,0,0,0,0,0,0
12121,Kia Ora (NSW),34,10,12,0,1458,0,4
12122,Kiacatoo,77,20,24,0,1812,0,4
12123,Kiah,101,30,49,4,1041,0,18
12124,Kiama,7904,3643,3355,127,1572,278,1321
12125,Kiama Downs,5087,2199,2475,81,2103,124,792
12126,Kiama Heights,878,409,382,17,1758,30,131
12127,Kianga (NSW),785,265,266,4,1108,28,138
12128,Kiar,25,5,18,0,1125,0,3
12129,Kickabil,67,22,37,0,1374,0,14
12130,Kielvale,251,94,129,3,1531,4,44
12131,Kikiamah,107,38,63,3,1792,0,20
12132,Kikoira,60,24,33,0,1562,3,18
12133,Kilaben Bay,1516,629,740,27,2186,45,213
12134,Kilgin,59,14,33,0,1187,3,9
12135,Kilgra,79,15,36,0,1312,0,8
12136,Killabakh,248,69,92,4,982,5,48
12137,Killara (NSW),10620,7092,5188,245,2802,162,1786
12138,Killarney Heights,4502,2638,2303,76,3426,58,697
12139,Killarney Vale,7491,2392,3367,152,1524,133,586
12140,Killawarra (NSW),178,40,79,6,1575,12,29
12141,Killcare,517,303,240,11,1890,10,117
12142,Killcare Heights,812,428,354,12,2133,14,150
12143,Killiekrankie,0,0,0,0,0,0,0
12144,Killimicat,35,12,13,0,1812,0,4
12145,Killingworth (NSW),690,191,394,17,2091,19,47
12146,Killongbutta,34,12,17,0,1437,0,3
12147,Kimbriki,156,40,89,0,1218,3,26
12148,Kinchela,286,68,129,8,1437,6,29
12149,Kincumber,7398,2774,3052,95,1321,199,795
12150,Kincumber South,721,233,180,12,721,30,91
12151,Kindee,91,29,41,0,1416,3,15
12152,Kindervale,25,8,12,0,1562,5,0
12153,King Creek,1863,667,924,15,2088,59,262
12154,Kingfisher Shores,160,55,86,4,1531,0,22
12155,Kinghorne,0,0,0,0,0,0,0
12156,Kings Forest,40,15,20,0,1375,0,0
12157,Kings Langley,9354,4648,4772,175,2457,126,956
12158,Kings Park (NSW),3476,1663,1803,74,2186,43,297
12159,Kings Plains (Blayney - NSW),121,43,68,0,1833,6,29
12160,Kings Plains (Inverell - NSW),26,10,14,0,1437,0,10
12161,Kings Point,609,222,287,11,1383,17,87
12162,Kingscliff,8355,3641,3868,148,1575,235,1159
12163,Kingsdale,211,69,104,3,2321,8,20
12164,Kingsford (NSW),13492,8822,7099,433,1892,109,1549
12165,Kingsgate,5,4,5,0,612,0,0
12166,Kingsgrove,12881,6593,5690,277,1898,75,915
12167,Kingsland,32,8,14,0,1874,0,0
12168,Kingstown,62,23,23,0,1125,3,15
12169,Kingsvale,233,85,115,3,1656,9,35
12170,Kingswood (Bega Valley - NSW),4,0,3,0,2499,0,4
12171,Kingswood (Penrith - NSW),10633,4159,4694,358,1397,163,715
12172,Kingswood (Tamworth Regional - NSW),1142,384,608,20,2085,29,191
12173,Kinvara,193,94,107,5,1812,4,47
12174,Kioloa,292,84,112,13,989,6,50
12175,Kiora,47,21,16,0,1499,3,10
12176,Kippara,0,0,0,0,0,0,0
12177,Kippaxs,22,8,9,0,1042,3,6
12178,Kippenduff,17,10,3,0,725,4,3
12179,Kirkconnell,219,14,24,0,2583,0,5
12180,Kirkham,690,313,387,8,3416,9,96
12181,Kirrawee,11007,5372,5719,186,2070,252,1136
12182,Kirribilli,3629,2667,2091,91,2267,77,618
12183,Kitchener,679,167,316,19,1962,22,47
12184,Kiwarrak,3,3,5,0,7000,0,0
12185,Klori,53,23,36,0,2542,0,16
12186,Knights Hill,39,19,17,0,1749,4,16
12187,Knockrow,186,95,109,7,2343,5,28
12188,Knorrit Flat,39,0,12,0,1125,0,8
12189,Knorrit Forest,0,0,0,0,0,0,0
12190,Kogarah,16416,10032,8749,574,1903,116,1056
12191,Kogarah Bay,2102,1117,1024,44,2528,22,216
12192,Kooba,39,12,19,0,1416,3,3
12193,Kookabookra,19,0,5,0,474,0,0
12194,Koolewong,920,426,445,17,1735,14,122
12195,Koolkhan,31,10,15,0,1562,0,0
12196,Koonawarra,3732,949,1501,104,1258,63,236
12197,Koonorigan,332,138,170,11,1295,12,61
12198,Koonyum Range,17,12,5,0,4499,0,3
12199,Kooragang,4,0,0,0,2250,0,0
12200,Koorainghat,176,55,84,0,1375,5,14
12201,Koorawatha,450,102,173,16,806,18,59
12202,Kooringal (NSW),7404,2706,3597,190,1404,234,986
12203,Kootingal,2313,609,1144,46,1369,69,241
12204,Koraleigh,291,70,143,11,1097,4,41
12205,Koreelah,83,32,42,0,724,0,22
12206,Korora,2740,1254,1399,56,1829,83,392
12207,Kosciuszko,0,0,0,0,0,0,0
12208,Kotara,3980,1898,2195,85,2077,142,503
12209,Kotara South,1267,569,645,19,2230,33,158
12210,Krambach,382,111,179,6,1230,17,53
12211,Krawarree,82,39,38,0,1156,4,18
12212,Kremnos,181,62,85,9,1045,3,26
12213,Ku-ring-gai Chase,10,8,9,0,1708,0,0
12214,Kulnura,589,217,296,11,1913,10,87
12215,Kulwin (NSW),14,8,12,0,1375,0,5
12216,Kunama,56,14,31,0,900,0,8
12217,Kundabung,616,198,305,22,1448,17,70
12218,Kundibakh,89,22,39,4,974,3,26
12219,Kundle Kundle,204,59,95,0,1609,7,31
12220,Kungala,145,42,63,4,1196,9,22
12221,Kunghur,133,41,60,7,1265,8,18
12222,Kunghur Creek,54,25,23,4,1374,0,16
12223,Kurmond,850,301,436,21,1941,24,105
12224,Kurnell,2528,876,1242,35,2161,50,208
12225,Kurraba Point,1401,1053,880,41,3047,39,272
12226,Kurrajong,3113,1290,1651,51,2304,88,464
12227,Kurrajong Heights,1255,592,735,16,2317,43,177
12228,Kurrajong Hills,705,334,387,7,2644,19,81
12229,Kurri Kurri,6174,1484,2712,184,1254,175,437
12230,Kyalite,87,27,46,0,1562,0,16
12231,Kyarran,15,4,10,0,1375,0,3
12232,Kybeyan,28,4,16,0,1562,0,4
12233,Kyeamba,67,21,36,0,1625,7,9
12234,Kyeemagh,935,423,389,23,1699,13,60
12235,Kyle Bay,1039,629,531,26,3069,5,110
12236,Kynnumboon,109,43,51,0,1187,4,23
12237,Kyogle,2248,568,790,54,939,59,342
12238,La Perouse,366,152,151,0,2062,7,36
12239,Lacmalac,146,55,88,0,2750,0,25
12240,Lade Vale,158,65,83,0,2125,7,42
12241,Ladysmith,339,104,178,0,1791,11,49
12242,Laffing Waters,98,38,58,0,2285,0,9
12243,Laggan,407,131,226,0,1607,15,70
12244,Lagoon Grass,49,22,20,0,1125,0,9
12245,Laguna,310,162,136,0,1348,8,95
12246,Lake Albert (NSW),6291,2328,3229,82,1891,210,970
12247,Lake Bathurst,218,83,106,3,1696,7,45
12248,Lake Brewster,12,5,7,0,2750,0,0
12249,Lake Burrendong,0,0,0,0,0,0,0
12250,Lake Cargelligo,1430,371,605,25,1158,13,295
12251,Lake Cathie,4296,1508,1765,91,1275,157,663
12252,Lake Conjola,687,195,189,10,869,24,102
12253,Lake Cowal,43,14,24,0,2124,0,12
12254,Lake George,118,76,72,0,3750,6,20
12255,Lake Haven,3529,893,1208,83,1023,93,241
12256,Lake Heights,4105,1385,1753,110,1356,42,253
12257,Lake Hiawatha,0,0,0,0,0,0,0
12258,Lake Hume Village,59,30,29,0,1156,4,12
12259,Lake Illawarra,3288,938,1331,82,1069,76,208
12260,Lake Innes,495,181,271,14,2214,21,88
12261,Lake Macquarie,0,0,0,0,0,0,0
12262,Lake Munmorah,5084,1434,2085,101,1155,164,480
12263,Lake Tabourie,689,200,282,23,983,39,89
12264,Lake Wyangan,877,289,496,3,2210,16,138
12265,Lakelands (NSW),1445,696,799,20,2315,41,176
12266,Lakemba,17092,7966,5499,764,1227,47,878
12267,Lakesland,499,178,245,3,2454,13,71
12268,Lakewood,1249,340,413,22,1036,56,169
12269,Lalalty,88,20,42,0,1375,0,13
12270,Lalor Park,7834,3152,3367,218,1460,107,630
12271,Lambs Valley (Glen Innes Severn - NSW),75,29,50,0,1624,3,15
12272,Lambs Valley (Singleton - NSW),347,117,172,6,2299,12,42
12273,Lambton,5214,2357,2750,108,1628,161,670
12274,Landervale,25,4,14,0,1416,0,9
12275,Lane Cove,12363,8108,7006,267,2539,180,1698
12276,Lane Cove North,11773,7840,7036,272,2386,132,1458
12277,Lane Cove West,3146,1979,1719,50,2966,53,402
12278,Langley Vale,82,19,26,0,1062,3,19
12279,Lanitza,313,73,116,0,1202,10,39
12280,Lankeys Creek,60,18,33,0,1375,3,14
12281,Lansdowne (Canterbury-Bankstown - NSW),16,9,3,0,762,0,0
12282,Lansdowne (Mid-Coast - NSW),607,123,213,19,1005,18,68
12283,Lansdowne Forest,23,0,0,0,450,0,0
12284,Lansvale,2595,1117,945,62,1528,24,138
12285,Lapstone,948,490,478,27,2339,33,167
12286,Larbert,34,6,20,0,2250,0,0
12287,Largs,1962,642,1007,27,2065,44,183
12288,Larnook,394,162,173,15,936,9,78
12289,Larras Lee,57,30,26,0,2124,0,17
12290,Laughtondale,102,29,52,0,1724,4,14
12291,Laurel Hill,21,7,6,0,1024,0,3
12292,Laurieton,2012,522,500,48,755,121,311
12293,Lavadia,43,5,17,0,1125,0,7
12294,Lavender Bay,870,653,536,19,2379,18,193
12295,Laverstock,30,15,16,0,1625,6,5
12296,Lavington,13073,3957,5926,386,1130,324,1354
12297,Lawrence (NSW),1159,319,420,28,1104,48,193
12298,Lawson (NSW),2651,1282,1324,58,1519,63,417
12299,Leadville,140,39,53,0,1275,0,23
12300,Leconfield,145,57,72,3,2583,3,22
12301,Lee Creek,0,0,0,0,0,0,0
12302,Leeton,9170,2492,4303,176,1425,123,1210
12303,Leets Vale,59,14,21,0,1812,0,0
12304,Leeville,282,74,135,0,1550,13,21
12305,Legume,168,53,69,9,788,0,45
12306,Leichhardt (NSW),15158,9306,8843,330,2673,186,1834
12307,Lemington,12,3,7,0,900,0,3
12308,Lemon Tree,54,34,41,0,1958,4,10
12309,Lemon Tree Passage,2686,717,991,63,1071,151,305
12310,Len Waters Estate,0,0,0,0,0,0,0
12311,Lenaghan,70,23,43,0,3062,0,10
12312,Lennox Head,7687,3777,4087,119,2081,141,1138
12313,Leonay,2582,1162,1375,43,2466,68,277
12314,Leppington,9423,4365,4481,225,2275,94,535
12315,Lerida,38,24,35,0,3250,3,11
12316,Lethbridge Park,4730,1194,1461,165,1073,65,210
12317,Leumeah,9992,3917,4351,311,1469,163,677
12318,Leura,4503,2549,1927,86,1369,114,799
12319,Levenstrath,48,11,20,5,1062,0,7
12320,Lewinsbrook,42,14,23,0,1999,0,11
12321,Lewis Ponds,127,41,77,0,2035,4,19
12322,Lewisham (NSW),4060,2718,2507,88,2405,35,543
12323,Leycester,146,40,68,6,1600,3,24
12324,Liberty Grove,2055,1351,1140,62,2663,17,218
12325,Lidcombe,23663,14915,11663,810,1888,105,1569
12326,Liddell,0,0,0,0,2250,0,0
12327,Lidsdale,471,106,247,7,2083,11,53
12328,Lidster,301,136,167,4,2204,10,63
12329,Lightning Ridge,1946,461,621,64,792,49,245
12330,Lilli Pilli (Eurobodalla - NSW),647,290,255,12,1355,33,135
12331,Lilli Pilli (Sutherland Shire - NSW),1405,756,778,11,3625,23,214
12332,Lillian Rock,234,96,87,11,860,0,53
12333,Lilydale (NSW),19,4,8,0,1125,0,0
12334,Lilyfield,7641,4392,4138,175,2858,111,994
12335,Lilyvale (NSW),11,0,3,0,824,0,0
12336,Limbri,113,30,53,3,1166,6,7
12337,Limeburners Creek (Mid-Coast - NSW),327,88,139,10,1586,7,33
12338,Limeburners Creek (Port Macquarie-Hastings - NSW),32,17,19,3,2625,0,10
12339,Limekilns,115,51,61,0,1875,3,18
12340,Limerick,33,7,15,0,1875,0,8
12341,Limestone (NSW),14,10,4,0,2249,0,0
12342,Limpinwood,234,92,92,4,1235,8,39
12343,Linburn,59,13,20,0,1958,0,10
12344,Linden (NSW),471,233,245,4,2039,11,80
12345,Lindendale,263,127,139,0,1771,9,34
12346,Lindesay,38,10,16,0,1375,0,10
12347,Lindesay Creek,27,3,11,0,1312,0,7
12348,Lindfield,10943,7174,5462,217,2833,198,1748
12349,Lindifferon,47,18,22,0,1375,0,9
12350,Linley Point,382,242,198,6,3833,10,68
12351,Lionsville,14,4,7,0,8000,0,5
12352,Lisarow,5299,2284,2729,105,2087,132,648
12353,Lismore (NSW),3656,1344,1553,134,1035,61,426
12354,Lismore Heights,2117,889,1073,44,1294,62,318
12355,Liston,130,48,47,0,949,4,35
12356,Lithgow,4956,1478,2001,121,1010,134,534
12357,Little Back Creek,37,12,21,0,1687,0,5
12358,Little Bay,4817,2697,2403,70,2364,132,526
12359,Little Billabong,146,60,84,0,2125,4,22
12360,Little Forest,185,78,73,0,1218,0,44
12361,Little Hartley,629,270,300,0,1843,22,79
12362,Little Jacks Creek,24,8,15,0,1024,0,3
12363,Little Jilliby,102,18,38,0,1875,3,11
12364,Little Pelican,0,0,3,0,1750,0,3
12365,Little Plain,159,38,67,0,1649,5,27
12366,Little River (NSW),38,18,28,0,3124,0,13
12367,Little Topar,19,5,10,0,2250,0,7
12368,Little Wobby,23,13,12,0,1124,0,5
12369,Littleton,737,185,350,17,1161,11,83
12370,Liverpool,31078,14199,11235,1146,1303,228,1406
12371,Llanarth (NSW),2302,1036,1241,30,2348,45,324
12372,Llandilo,1618,371,759,18,1879,13,87
12373,Llangothlin,104,31,57,0,1542,0,23
12374,Lloyd,1509,618,880,19,2247,83,178
12375,Loadstone,34,15,19,4,949,5,12
12376,Lochiel (NSW),411,155,195,0,1586,7,71
12377,Lochinvar,1095,323,555,13,2287,22,92
12378,Lockhart,1019,275,432,21,1111,34,261
12379,Locksley (NSW),55,13,26,0,2312,0,8
12380,Loftus,4190,1894,2128,58,2425,81,567
12381,Loftville,265,60,95,19,570,15,25
12382,Logans Crossing,162,66,59,4,1416,9,29
12383,Logie Brae,47,25,36,0,1458,0,20
12384,Londonderry (NSW),4024,1052,2049,64,2158,75,277
12385,Long Beach,1758,648,730,31,1389,83,246
12386,Long Flat (NSW),112,38,56,0,974,3,26
12387,Long Jetty,6736,2337,2960,180,1201,150,591
12388,Long Plain (Inverell - NSW),44,9,23,0,1625,0,0
12389,Long Plain (Snowy Monaro Regional - NSW),0,0,0,0,0,0,0
12390,Long Point (Campbelltown - NSW),173,69,90,0,1775,6,24
12391,Long Point (Singleton - NSW),64,13,25,0,2083,0,5
12392,Longarm,23,6,8,0,725,0,0
12393,Longreach (NSW),72,37,40,0,2125,0,16
12394,Longueville,2116,1397,1090,38,4894,35,476
12395,Loomberah,552,205,323,11,2086,8,110
12396,Lord Howe Island,445,207,245,9,1699,20,110
12397,Lords Hill,33,13,21,0,1437,0,9
12398,Lorn,1465,675,792,32,1935,32,173
12399,Lorne (NSW),277,107,139,0,1542,10,47
12400,Lost River,94,34,55,0,2562,0,12
12401,Lostock,65,14,18,0,833,0,11
12402,Louisa Creek,10,0,3,0,1125,0,4
12403,Louth,74,33,37,0,1562,0,21
12404,Louth Park,922,394,538,21,3293,19,111
12405,Lovedale,502,219,262,0,2162,17,72
12406,Lovett Bay,117,78,62,3,2437,3,40
12407,Lowanna,359,85,142,15,820,9,46
12408,Lower Acacia Creek,36,7,15,0,1312,0,4
12409,Lower Bago,5,3,3,0,0,0,0
12410,Lower Belford,407,125,253,7,2374,12,67
12411,Lower Boro,217,82,116,6,1812,18,42
12412,Lower Bottle Creek,43,14,18,0,899,3,5
12413,Lower Creek,66,17,23,0,762,4,3
12414,Lower Duck Creek,27,0,15,0,1166,0,8
12415,Lower Dyraaba,43,11,11,0,612,0,5
12416,Lower Lewis Ponds,40,16,18,0,1583,3,8
12417,Lower Macdonald,244,71,116,12,1278,4,35
12418,Lower Mangrove,70,27,35,7,1312,0,11
12419,Lower Pappinbarra,136,33,55,4,1125,3,22
12420,Lower Peacock,5,0,0,0,900,0,0
12421,Lower Portland,711,227,358,14,1965,28,57
12422,Lower Southgate,112,38,71,0,1437,3,20
12423,Lowesdale,100,31,45,0,1874,4,26
12424,Lowther,69,28,31,0,1562,0,17
12425,Loxford,42,10,24,0,1375,0,5
12426,Lucas Heights,4,0,0,0,0,0,0
12427,Lucknow (NSW),277,97,160,4,1928,4,34
12428,Luddenham,1927,709,1039,20,2968,20,150
12429,Lue,216,72,105,0,1649,7,32
12430,Lugarno,5869,3259,2972,97,2721,104,726
12431,Lurnea,10057,3517,2817,235,1239,69,423
12432,Luskintyre,216,77,116,0,2536,4,28
12433,Lynchs Creek,106,38,47,0,1228,4,19
12434,Lyndhurst (Armidale Regional - NSW),41,20,24,0,1375,0,8
12435,Lyndhurst (Blayney - NSW),359,82,164,7,1362,6,52
12436,Lynwood (NSW),215,88,109,0,1946,5,57
12437,Mabins Well,8,4,3,0,2250,0,0
12438,Macdonalds Creek,11,3,3,0,725,0,3
12439,Macksville,2782,720,985,78,944,88,348
12440,Maclean,2778,849,951,72,965,88,370
12441,Macmasters Beach,1399,758,680,21,2190,20,286
12442,Macquarie Fields,14023,5649,5360,485,1374,189,853
12443,Macquarie Hills,3605,1444,2018,75,2241,89,373
12444,Macquarie Links,1455,833,808,33,3135,23,128
12445,Macquarie Marshes,0,0,0,0,0,0,0
12446,Macquarie Park,11071,8347,6770,526,1886,68,1158
12447,Macquarie Pass,0,0,0,0,0,0,0
12448,Maddens Plains,8,0,0,0,2749,0,0
12449,Maffra (NSW),22,14,5,0,1749,0,0
12450,Magenta (NSW),332,175,131,3,1843,18,47
12451,Magometon,26,14,17,0,1749,0,10
12452,Maianbar,539,268,291,8,2339,17,96
12453,Maimuru,145,55,90,0,1624,4,21
12454,Main Arm,640,251,264,19,1403,14,98
12455,Main Creek,95,35,42,0,1399,5,32
12456,Mairjimmy,37,18,29,0,2333,0,12
12457,Maison Dieu,175,42,89,0,2200,5,18
12458,Maitland (NSW),1972,690,932,73,1241,47,171
12459,Maitland Bar,21,9,12,0,850,0,4
12460,Maitland Vale,281,104,153,9,3050,8,34
12461,Majors Creek (NSW),290,100,119,0,1328,13,40
12462,Malabar,4714,1782,1605,61,1790,63,453
12463,Malabugilmah,35,0,3,0,725,0,3
12464,Maldon (NSW),25,4,7,0,1875,0,0
12465,Mallabula,963,253,399,14,1170,65,89
12466,Mallan,45,19,25,0,1749,0,14
12467,Mallanganee,137,36,40,0,912,7,28
12468,Mallee,8,3,5,0,1999,0,0
12469,Mallowa,97,41,54,0,2062,0,13
12470,Maloneys Beach,408,130,138,9,1095,21,44
12471,Malua Bay,2071,828,845,30,1423,83,306
12472,Manar,112,60,60,0,1978,9,18
12473,Manchester Square,27,16,11,0,2750,0,11
12474,Mandagery,82,28,41,0,1458,3,25
12475,Mandalong,433,168,220,3,1906,8,82
12476,Mandemar,64,27,36,0,1958,0,8
12477,Mandurama,345,127,180,9,1267,5,68
12478,Mangerton,2862,1507,1473,69,2147,33,367
12479,Mangoola,76,12,33,6,1375,0,6
12480,Mangoplah,291,103,163,3,2075,13,57
12481,Mangrove Creek,56,21,11,0,2125,0,14
12482,Mangrove Mountain,736,276,368,15,1816,17,78
12483,Manildra,822,203,391,17,1449,9,116
12484,Manilla,2386,557,893,48,994,75,317
12485,Manly (NSW),16296,11360,9793,347,3164,247,2612
12486,Manly Vale,6389,3873,3631,113,2351,74,770
12487,Mannering Park,2554,639,1125,60,1391,67,179
12488,Manning Point,229,43,64,8,693,22,33
12489,Mannus,225,25,38,0,1583,0,15
12490,Manobalai,76,13,37,0,1833,0,19
12491,Manton (NSW),350,165,183,3,2750,24,57
12492,Manyana,670,244,264,27,1095,13,88
12493,Maragle,84,41,43,0,1312,4,14
12494,Maraylya,1281,471,711,9,2607,21,146
12495,Marayong,7834,3537,3399,228,1593,67,462
12496,March,118,40,60,0,1937,4,23
12497,Marchmont,285,124,136,8,3187,16,54
12498,Mardi,3598,1475,1815,72,1955,74,331
12499,Marengo (NSW),8,6,4,0,1249,0,0
12500,Mares Run,0,0,0,0,0,0,0
12501,Marinna,36,21,30,0,2250,0,18
12502,Marks Point,1861,549,780,40,1122,56,181
12503,Markwell,144,32,72,0,1312,0,25
12504,Marlee,199,72,102,9,1362,12,50
12505,Marlo Merrican,60,22,30,0,949,0,5
12506,Marlow,35,12,15,6,1187,0,3
12507,Marlowe,8,0,5,0,1125,0,0
12508,Marmong Point,765,292,399,13,1916,23,108
12509,Marom Creek,146,63,98,4,1899,3,19
12510,Maroota,616,196,305,4,2079,11,68
12511,Maroubra,30722,18324,15779,723,2141,433,3164
12512,Marrangaroo,783,152,269,6,2283,10,78
12513,Marrar,363,92,205,8,1825,9,83
12514,Marrickville,26570,16434,15181,704,2170,219,2955
12515,Marsden Park,14610,7662,7340,286,2722,67,777
12516,Marsfield,12492,8007,6246,348,1943,131,1484
12517,Marshall Mount,177,65,98,0,2175,3,29
12518,Marshdale,46,19,18,0,1375,4,4
12519,Marthaguy,63,31,46,0,1875,0,19
12520,Martindale,168,54,101,0,1812,0,30
12521,Martins Creek,351,89,159,3,1485,5,42
12522,Martinsville,389,172,194,8,1821,5,92
12523,Marulan,1428,378,647,27,1484,28,135
12524,Maryland (Newcastle - NSW),7714,2798,4090,189,1793,180,657
12525,Maryland (Tenterfield - NSW),89,34,37,0,1042,0,20
12526,Marys Mount,99,38,57,0,1875,4,20
12527,Maryvale (NSW),190,65,105,0,1687,0,28
12528,Maryville,1671,906,986,46,2067,51,234
12529,Mascot,21591,14472,13044,763,2254,370,1507
12530,Matcham,1038,534,504,7,3360,17,167
12531,Matheson,50,11,24,0,1875,0,9
12532,Mathoura,1002,219,375,9,993,22,149
12533,Matong,159,32,63,0,780,3,44
12534,Matraville,9925,4935,4819,215,2075,121,851
12535,Maude (NSW),110,29,55,0,1781,0,18
12536,Maules Creek,87,30,48,4,1624,0,22
12537,Maxwell,90,34,48,0,2166,0,11
12538,Maybole,51,17,23,0,1333,4,7
12539,Mayers Flat,50,17,24,0,1125,0,3
12540,Mayfield (Newcastle - NSW),9760,4419,5189,289,1566,283,1010
12541,Mayfield (Oberon - NSW),3,0,0,0,1125,0,0
12542,Mayfield (Queanbeyan-Palerang Regional - NSW),57,14,28,0,1906,6,4
12543,Mayfield (Shoalhaven - NSW),36,13,15,0,780,0,11
12544,Mayfield East,1794,924,1035,40,1809,52,182
12545,Mayfield North,0,0,0,0,0,0,0
12546,Mayfield West,1993,854,1038,57,1592,69,208
12547,Mayrung,171,54,82,0,1478,4,39
12548,Mays Hill,1902,1194,1002,77,2076,5,127
12549,Mayvale,19,3,6,0,1125,0,0
12550,McCullys Gap,262,62,156,0,2299,5,57
12551,McDougalls Hill,131,38,60,0,1593,5,15
12552,McGraths Hill,2537,865,1381,36,2177,52,154
12553,McKees Hill,295,80,151,3,1728,4,59
12554,McKellars Park,210,74,100,5,1390,4,25
12555,McLeans Ridges,808,381,438,19,2305,28,149
12556,McLeods Shoot,113,50,49,0,2200,3,12
12557,McMahons Point,2315,1810,1463,63,2568,55,445
12558,McMahons Reef,68,22,39,0,1187,0,10
12559,Meadow Flat,356,111,169,0,2083,8,56
12560,Meadowbank (NSW),5089,3747,3308,163,1993,41,439
12561,Mebbin,0,0,0,0,0,0,0
12562,Mebul,61,14,25,0,1075,0,10
12563,Medlow Bath,569,328,270,10,1312,25,118
12564,Medowie,10879,3771,5568,224,2044,984,1069
12565,Medway,143,52,75,0,1899,5,17
12566,Meerschaum Vale,372,152,215,8,1968,11,66
12567,Megalong Valley,148,69,67,0,2042,3,22
12568,Megan,168,69,67,0,1015,0,38
12569,Melbergen,19,4,5,0,2250,0,0
12570,Melinga,112,32,52,5,1468,4,10
12571,Mellong,7,0,7,0,1125,0,0
12572,Mellool,43,15,20,0,1312,0,8
12573,Melonba,1439,842,803,25,2859,0,70
12574,Melrose Park (NSW),2059,1250,1102,42,2182,31,232
12575,Melville (NSW),64,27,27,0,1958,3,12
12576,Memagong,96,48,58,0,2062,3,27
12577,Menah,186,46,90,0,2214,3,30
12578,Menai,10419,5262,5759,190,2575,153,1040
12579,Menangle,1252,405,482,8,1476,42,125
12580,Menangle Park,224,57,97,0,1687,7,19
12581,Mendooran,626,161,231,15,928,19,113
12582,Menindee,537,106,177,16,885,10,59
12583,Merah North,129,51,75,0,1857,0,24
12584,Merewether,11788,6669,6798,212,2287,321,1820
12585,Merewether Heights,1495,754,751,26,3022,63,222
12586,Merimbula,3821,1588,1733,63,1146,131,691
12587,Meringo,143,55,68,0,1428,4,32
12588,Mernot,0,0,0,0,0,0,0
12589,Meroo,46,18,22,0,2250,0,11
12590,Meroo Meadow,474,202,241,3,2116,34,65
12591,Merotherie,24,7,19,0,1375,0,6
12592,Merriangaah,12,4,3,0,649,0,0
12593,Merricumbene,14,5,3,0,1062,0,3
12594,Merrigal,10,3,3,0,1649,0,0
12595,Merrill,38,14,24,0,2750,0,10
12596,Merriwa (NSW),1825,469,771,36,1208,34,323
12597,Merriwagga,124,29,63,3,1062,0,18
12598,Merrygoen,79,20,41,8,900,0,10
12599,Merrylands,32472,14683,11721,1115,1470,135,1604
12600,Merrylands West,7054,3034,2498,203,1394,54,333
12601,Merungle Hill,258,77,139,3,1768,7,51
12602,Meryla,9,4,0,0,725,0,0
12603,Metford,4707,1422,2322,160,1484,129,370
12604,Methul,60,18,33,0,1125,0,16
12605,Metz,117,65,59,0,1874,6,27
12606,Miamley,12,4,12,0,725,0,6
12607,Miandetta (NSW),23,7,6,0,2250,0,4
12608,Micalo Island,45,16,11,0,2124,3,5
12609,Michelago,642,294,337,9,2750,48,87
12610,Middle Arm,377,146,192,11,1531,18,54
12611,Middle Brook,260,83,134,0,1968,7,32
12612,Middle Brother,52,13,30,3,1343,0,5
12613,Middle Cove,1327,882,676,23,4446,18,234
12614,Middle Dural,1040,541,528,17,3067,20,144
12615,Middle Falbrook,73,18,31,0,1625,4,12
12616,Middle Flat,41,24,32,0,2250,4,8
12617,Middle Pocket,141,66,54,0,1718,4,25
12618,Middleton Grange,7043,3206,3020,151,2344,121,308
12619,Middlingbank,22,7,11,0,1187,0,4
12620,Midginbil,84,26,33,3,1542,3,8
12621,Mihi,32,19,17,0,2374,0,10
12622,Mila,55,21,27,0,1874,0,15
12623,Milbrodale,149,34,69,3,1449,4,9
12624,Milbrulong,119,46,70,6,1145,0,45
12625,Milkers Flat,3,3,0,0,549,0,4
12626,Millah Murrah,23,8,16,0,4499,0,0
12627,Millbank (NSW),113,27,44,3,774,5,11
12628,Miller,3374,1002,797,125,825,24,125
12629,Millers Forest,357,84,192,9,1971,4,37
12630,Millers Point,1735,1285,1050,42,3160,50,253
12631,Millfield,1282,359,579,28,1668,26,82
12632,Millie,14,9,11,0,1375,0,0
12633,Millingandi,519,175,185,9,859,23,78
12634,Millthorpe,1347,556,650,8,2071,28,200
12635,Milparinka,67,16,28,0,1875,0,22
12636,Milperra,4074,1632,1902,69,2117,73,356
12637,Milroy (Gunnedah - NSW),72,35,54,0,2250,0,11
12638,Milroy (Mid-Western Regional - NSW),61,18,35,0,3250,0,11
12639,Milsons Passage,32,20,15,0,949,0,14
12640,Milsons Point,2529,1908,1550,52,3267,47,383
12641,Milton (NSW),1801,680,698,19,1325,63,285
12642,Milvale,89,27,48,3,1233,0,17
12643,Mimosa (NSW),70,25,42,0,1562,0,17
12644,Minchinbury,5778,2609,2874,148,2208,47,369
12645,Mindaribba,97,42,52,0,2583,0,10
12646,Mingoola (NSW),7,3,4,0,474,0,0
12647,Minimbah,199,67,88,0,1375,7,29
12648,Minjary,55,10,24,0,1812,0,5
12649,Minmi,700,223,383,10,1899,19,65
12650,Minnamurra,804,320,339,5,1577,16,135
12651,Minnie Water,212,77,77,11,1140,3,43
12652,Minore,194,45,110,0,1833,0,22
12653,Minto,13940,6123,5840,426,1646,122,761
12654,Minto Heights,384,141,160,5,2178,6,30
12655,Mirador,519,231,219,0,1662,28,95
12656,Miranda (NSW),17942,8677,9005,348,1920,386,1518
12657,Mirannie,55,18,29,0,1125,5,5
12658,Mirrabooka (NSW),809,287,407,19,1557,21,70
12659,Mirrool,79,16,36,0,1416,0,27
12660,Missabotti,246,89,103,9,1152,9,31
12661,Mitchell (NSW),1179,295,267,23,779,10,80
12662,Mitchells Flat,242,56,133,0,2905,6,36
12663,Mitchells Island,462,119,184,10,1304,12,64
12664,Mittagong,6090,2760,2816,107,1425,136,938
12665,Moama,7213,2194,3254,104,1348,182,880
12666,Modanville,614,215,308,8,1687,13,109
12667,Mogareeka,67,33,24,0,1274,0,18
12668,Mogendoura,238,94,106,3,1147,5,47
12669,Moggs Swamp,19,0,16,0,2083,0,6
12670,Mogilla,100,39,50,0,1174,0,23
12671,Mogo (Eurobodalla - NSW),332,77,122,10,1208,8,25
12672,Mogo (Mid-Western Regional - NSW),9,6,0,0,1749,0,4
12673,Mogo Creek,10,4,0,0,450,0,0
12674,Mogood,21,11,13,0,900,0,5
12675,Mograni,34,13,21,0,1375,0,5
12676,Mogriguy,122,35,75,0,1583,7,14
12677,Mole River,89,27,43,0,837,9,17
12678,Moleville Creek,42,15,23,0,2583,0,12
12679,Mollyan,48,10,24,0,1125,0,14
12680,Mollymook,1195,515,534,19,1346,50,201
12681,Mollymook Beach,2531,1043,972,25,1247,90,439
12682,Molong,2595,811,1196,25,1376,58,436
12683,Mona Vale,10877,5757,5535,198,2296,209,1460
12684,Monak,60,15,31,0,1625,4,8
12685,Monaltrie,235,75,112,8,1471,7,18
12686,Mondayong,9,3,0,0,2750,0,0
12687,Mondrook,167,59,70,5,1388,3,27
12688,Monga,27,14,15,0,1292,0,9
12689,Mongarlowe,121,59,63,3,1281,3,38
12690,Mongogarie,85,20,32,0,1312,3,13
12691,Monia Gap,22,5,11,0,2250,0,0
12692,Monivae,30,12,14,0,2250,0,9
12693,Monkerai,102,33,43,0,1281,0,18
12694,Monteagle,213,59,104,0,1238,0,25
12695,Montecollum,67,39,27,0,1281,5,19
12696,Montefiores,630,193,297,18,1640,18,73
12697,Monterey,4619,2526,2216,107,1785,38,330
12698,Mooball,193,60,89,0,1354,8,13
12699,Moobi,168,80,109,0,2388,0,26
12700,Moogem,0,0,0,0,0,0,0
12701,Mookerawa,24,11,13,0,949,0,0
12702,Mookima Wybra,43,8,9,0,899,0,6
12703,Moolarben,10,0,3,0,1875,0,0
12704,Moollattoo,0,0,0,0,0,0,0
12705,Moolpa,18,9,4,0,2374,0,0
12706,Moombooldool,26,9,14,0,1312,0,3
12707,Moonan Brook,19,0,14,0,492,0,3
12708,Moonan Flat,131,50,63,0,1458,9,26
12709,Moonbah,564,237,328,4,2183,15,106
12710,Moonbi,1201,304,542,20,1354,49,162
12711,Moonbria,8,4,4,0,1625,0,3
12712,Mooneba,71,20,30,0,1291,0,15
12713,Moonee,0,0,0,0,0,0,0
12714,Moonee Beach,2176,834,1100,47,1875,57,275
12715,Mooney Mooney,350,152,174,4,1978,9,56
12716,Mooney Mooney Creek,27,10,14,0,1749,0,8
12717,Moonpar,21,4,12,0,2124,0,9
12718,Mooral Creek,105,26,41,4,1274,0,21
12719,Moorara,0,0,0,0,0,0,0
12720,Moorbel,251,78,120,10,1645,9,45
12721,Moore Creek,2868,1073,1599,24,2523,79,394
12722,Moore Park,18,16,11,0,3874,0,5
12723,Moorebank,11408,5184,5169,244,2201,139,703
12724,Moorilda,38,10,21,0,1062,0,5
12725,Moorland (NSW),516,139,238,10,1260,9,68
12726,Moorong,175,64,95,0,2949,8,33
12727,Moorwatha,60,23,36,0,2250,0,18
12728,Moparrabah,123,22,37,3,725,3,14
12729,Moppy,8,7,9,0,1375,0,9
12730,Morago,50,22,29,0,2083,0,13
12731,Morangarell,34,17,23,0,1375,0,9
12732,Morans Crossing,55,24,30,0,1274,0,10
12733,Moree,8962,2537,3895,151,1575,113,1032
12734,Morisset,4078,1113,1337,118,959,119,461
12735,Morisset Park,1085,349,484,26,1858,26,136
12736,Morning Bay,31,20,15,0,1791,0,13
12737,Mororo,115,43,61,0,1624,3,18
12738,Morpeth,1686,632,646,28,1122,71,259
12739,Mortdale,10745,6049,5684,261,1995,140,971
12740,Mortlake (NSW),1954,1289,1241,48,2347,45,168
12741,Morton,225,78,106,0,1542,8,17
12742,Mortons Creek,309,102,156,3,1640,7,54
12743,Morts Estate,545,156,243,14,1133,20,62
12744,Morundah,81,14,37,0,1218,4,15
12745,Moruya,4295,1406,1735,60,1140,121,654
12746,Moruya Heads,1125,448,479,13,1357,42,219
12747,Morven (Glen Innes Severn - NSW),0,0,0,0,0,0,0
12748,Morven (Greater Hume Shire - NSW),125,45,58,0,1541,0,28
12749,Mosman,28329,19123,14676,522,2892,583,4820
12750,Moss Vale,9310,3790,4439,148,1511,244,1247
12751,Mossgiel,26,0,7,0,450,0,0
12752,Mossy Point,608,308,307,9,1759,29,131
12753,Moto,144,36,64,0,1075,9,7
12754,Moulamein,489,115,194,4,1116,13,95
12755,Mount Adrah,49,14,25,0,1875,5,6
12756,Mount Annan,11784,4849,6469,242,2493,200,894
12757,Mount Aquila,6,0,6,0,1374,0,0
12758,Mount Arthur,109,43,65,4,1437,6,16
12759,Mount Austin,4035,1002,1602,105,1124,120,338
12760,Mount Burrell,276,110,91,0,815,3,50
12761,Mount Colah,7816,4438,4375,157,2505,104,1076
12762,Mount Collins,11,3,3,0,725,0,0
12763,Mount Cooper (NSW),8,4,7,0,1312,0,3
12764,Mount Darragh,25,12,11,0,474,0,3
12765,Mount David,51,6,23,0,687,0,4
12766,Mount Dee,14,0,8,0,1999,0,0
12767,Mount Druitt,16986,7651,6654,611,1478,84,954
12768,Mount Elliot (NSW),169,89,88,3,2583,8,28
12769,Mount Fairy,244,124,129,4,2324,23,46
12770,Mount Foster,18,6,13,0,3124,0,4
12771,Mount Frome,120,57,64,0,2399,0,17
12772,Mount George (NSW),337,76,123,12,1199,10,47
12773,Mount Harris,33,18,22,0,2750,0,13
12774,Mount Hope (NSW),16,5,5,0,900,0,0
12775,Mount Horeb,22,7,13,0,1499,0,0
12776,Mount Hunter,749,266,383,16,2200,17,74
12777,Mount Hutton (NSW),3712,1244,1747,72,1519,115,296
12778,Mount Irvine,22,10,5,0,899,0,4
12779,Mount Keira,1691,880,905,35,2476,27,250
12780,Mount Kembla,1083,517,555,17,2824,7,182
12781,Mount Kingiman,14,5,9,0,3250,0,3
12782,Mount Knowles,40,15,18,0,1937,0,7
12783,Mount Kuring-Gai,1766,911,913,19,2428,30,309
12784,Mount Lambie,65,18,28,0,1874,0,3
12785,Mount Lewis,1234,582,425,20,1539,19,85
12786,Mount Lindsey,0,0,0,0,0,0,0
12787,Mount Marsden,54,15,19,0,860,0,9
12788,Mount Marsh,0,0,0,0,0,0,0
12789,Mount Mitchell,106,25,47,7,1174,8,25
12790,Mount Murray,53,23,25,0,2124,5,6
12791,Mount Olive (Oberon - NSW),28,10,22,0,2250,5,4
12792,Mount Olive (Singleton - NSW),135,47,77,0,2399,0,35
12793,Mount Ousley,1611,821,826,30,2293,36,211
12794,Mount Panorama,101,44,56,0,2083,4,25
12795,Mount Pleasant (NSW),1397,767,727,14,2862,19,213
12796,Mount Pritchard,10426,4125,3699,284,1396,75,511
12797,Mount Rankin,428,183,223,3,2437,7,56
12798,Mount Rivers,60,22,36,0,1875,0,4
12799,Mount Riverview,3074,1426,1504,46,2248,103,455
12800,Mount Royal,25,9,7,0,762,3,9
12801,Mount Russell,111,42,68,9,1437,5,17
12802,Mount Saint Thomas,1449,613,723,31,1835,18,134
12803,Mount Seaview,28,5,17,0,1125,0,5
12804,Mount Tenandra,24,13,15,0,1458,0,6
12805,Mount Thorley,86,20,41,0,2437,3,5
12806,Mount Tomah,68,42,38,0,2125,0,23
12807,Mount Vernon,1235,475,605,10,3177,11,66
12808,Mount Victoria,945,494,426,19,1197,32,156
12809,Mount View,114,38,52,0,2187,0,9
12810,Mount Vincent,380,161,210,6,2294,12,51
12811,Mount Warning,148,45,35,0,833,0,16
12812,Mount Warrigal,4880,1431,2025,122,1365,88,339
12813,Mount Werong,3,0,0,0,0,0,0
12814,Mount White,171,58,83,0,1147,3,20
12815,Mount Wilson,81,47,27,0,2250,5,30
12816,Mountain Creek (NSW),65,22,27,0,1375,4,19
12817,Mountain Lagoon,78,43,35,0,1625,0,33
12818,Mountain Top,45,24,27,0,1375,0,15
12819,Mountain View (NSW),208,56,98,6,1399,3,25
12820,Mourquong,75,15,31,0,1625,0,6
12821,Mowbray Park,94,27,54,0,2583,0,4
12822,Mozart,58,19,26,0,1875,0,9
12823,Mudgee,11457,3787,5598,208,1678,245,1294
12824,Mulbring,682,215,322,6,2067,18,81
12825,Mulgoa,2044,757,1070,27,2533,42,236
12826,Mulgrave (NSW),78,29,48,0,1812,0,3
12827,Mulguthrie,19,4,7,0,1625,0,0
12828,Muli Muli,90,12,10,8,599,0,6
12829,Mulla,21,3,5,0,2749,0,0
12830,Mulla Creek,87,24,46,0,1390,5,13
12831,Mullaley,174,59,88,0,1292,5,44
12832,Mullamuddy,95,32,46,0,1562,0,8
12833,Mullaway,607,250,301,7,1760,9,91
12834,Mullengandra,122,43,67,0,2062,0,28
12835,Mullengudgery,38,15,24,0,1374,0,7
12836,Mullion,89,56,62,0,2437,8,26
12837,Mullion Creek,561,163,303,3,1800,13,71
12838,Mulloon,129,61,73,0,2416,3,22
12839,Mullumbimby,4180,1871,1903,105,1355,65,709
12840,Mullumbimby Creek,512,262,231,8,1488,0,103
12841,Mulwala,2557,714,1044,22,1185,78,304
12842,Mulyandry,38,14,14,0,1875,0,3
12843,Mumbil,298,58,102,12,864,11,42
12844,Mumblebone Plain,9,4,6,0,2125,0,4
12845,Mumbulla Mountain,0,0,0,0,0,0,0
12846,Mummel,129,54,73,3,2374,0,38
12847,Mummulgum,105,14,51,4,1031,0,13
12848,Mundamia,85,17,42,0,1406,3,15
12849,Mundarlo,51,21,34,0,1687,0,15
12850,Munderoo,58,14,29,0,1625,0,13
12851,Mundongo,246,76,127,0,2295,10,47
12852,Mungay Creek,133,30,51,4,1266,3,12
12853,Munghorn,0,0,0,0,0,0,0
12854,Mungindi (NSW),487,136,224,3,1166,5,83
12855,Mungo,0,0,0,0,1375,0,0
12856,Mungo Brush,0,0,0,0,0,0,0
12857,Munni,38,15,17,0,1024,0,6
12858,Munyabla,72,22,32,0,1624,0,17
12859,Murga,58,17,25,0,1625,4,20
12860,Murrah,82,44,42,6,1542,0,16
12861,Murrami,288,54,102,0,1542,0,31
12862,Murrawombie,29,9,3,0,1625,0,0
12863,Murray Downs,274,106,156,0,2416,7,77
12864,Murray Gorge,0,0,0,0,0,0,0
12865,Murrays Beach,882,399,417,10,2303,21,127
12866,Murrays Run,140,72,76,4,1541,6,33
12867,Murrengenburg,0,0,0,0,0,0,0
12868,Murrin Bridge,57,4,10,7,662,0,3
12869,Murringo,390,120,180,0,1258,11,57
12870,Murrulebale,61,19,43,0,2124,0,12
12871,Murrumbateman,3607,1887,2091,61,3348,258,616
12872,Murrumbo,4,0,4,0,2250,0,4
12873,Murrumbucca,82,36,39,0,2200,12,28
12874,Murrumburrah,81,26,55,0,1666,0,20
12875,Murrurundi,945,270,381,27,877,31,169
12876,Murulla,23,8,15,0,2625,0,6
12877,Murwillumbah,7616,2586,3190,175,1147,181,1019
12878,Muscle Creek,313,85,192,3,3083,4,46
12879,Muswellbrook,12272,3058,5638,339,1603,259,960
12880,Mutawintji,30,14,17,0,1187,0,0
12881,Muttama,140,40,57,3,1833,0,15
12882,Myall Creek,27,6,18,0,1125,0,7
12883,Myall Lake,0,0,0,0,0,0,0
12884,Myall Park (NSW),226,76,143,6,1974,6,46
12885,Myalla (NSW),4,0,0,0,1875,0,0
12886,Mylestom,336,118,142,9,1083,8,45
12887,Mylneford,78,20,35,0,1468,4,5
12888,Myocum,1217,596,559,26,1505,19,220
12889,Myola (NSW),94,30,29,0,979,0,13
12890,Myrtle Creek (NSW),92,22,24,4,850,7,13
12891,Myrtle Mountain,75,41,43,0,1625,0,14
12892,Myrtle Park,51,17,26,0,899,0,12
12893,Myrtleville,100,31,51,0,1375,0,29
12894,Mystery Bay,199,95,63,0,1125,13,36
12895,Myuna Bay,0,0,0,0,0,0,0
12896,Nabiac,1294,343,561,25,1253,26,164
12897,Nadgee,0,0,0,0,0,0,0
12898,Nambucca Heads,6675,1841,2102,168,839,300,887
12899,Namoi River,61,13,32,0,1062,0,9
12900,Nana Glen,1132,376,569,23,1540,39,159
12901,Nangus,240,56,115,5,1333,5,51
12902,Nanima,252,157,155,0,2974,8,56
12903,Napoleon Reef,130,55,62,0,1859,9,24
12904,Naradhan,63,21,45,0,1749,0,15
12905,Narara,8471,3580,4320,192,1896,185,1015
12906,Narellan,3358,1090,1624,64,1706,52,232
12907,Narellan Vale,6931,2586,3750,108,2248,115,495
12908,Naremburn,5924,3865,3421,110,3272,80,822
12909,Narooma,2731,969,981,36,926,101,442
12910,Narrabarba,22,4,12,0,725,0,6
12911,Narrabeen,8255,4380,4033,126,1780,355,1103
12912,Narrabri,7327,2193,3611,133,1590,132,1018
12913,Narraburra,70,22,39,0,1343,0,10
12914,Narran Lake,14,5,11,0,3750,0,0
12915,Narrandera,4369,1084,1820,113,1113,119,658
12916,Narrangullen,9,3,3,0,4750,0,3
12917,Narrawa,112,41,63,0,2166,4,18
12918,Narrawallee,1487,582,607,32,1309,53,236
12919,Narraweena,6971,3253,3316,113,1935,127,643
12920,Narromine,4608,1201,1980,94,1306,76,694
12921,Narwee,5411,2880,2308,149,1431,33,357
12922,Nashdale,403,189,232,7,2180,9,81
12923,Nashua,267,124,127,5,2025,7,49
12924,Nattai,77,28,36,0,1149,0,5
12925,Naughtons Gap,137,31,64,0,1792,3,12
12926,Neath,430,76,153,17,792,20,39
12927,Nebea,18,12,14,0,2125,0,5
12928,Neilrex,81,24,51,0,1437,5,18
12929,Nelligen,399,106,190,10,1148,17,61
12930,Nelson (Bega Valley - NSW),12,6,6,0,899,0,3
12931,Nelson (The Hills Shire - NSW),460,163,245,9,2399,12,68
12932,Nelson Bay (NSW),6141,2456,2650,133,1305,295,894
12933,Nelsons Plains,326,98,151,3,2250,15,46
12934,Nelungaloo,47,17,21,0,1812,0,3
12935,Nemingha,705,212,368,13,1741,20,85
12936,Nericon,278,54,141,0,1890,0,27
12937,Neringla,17,6,3,0,1125,0,0
12938,Nerong,168,48,47,0,862,13,11
12939,Nerriga,77,14,41,4,1062,5,12
12940,Nerrigundah,40,12,18,3,1312,0,3
12941,Nethercote,332,104,165,8,1375,15,70
12942,Neurea,129,64,77,3,1916,3,15
12943,Neutral Bay,10090,7275,6293,236,2443,167,1356
12944,Never Never,0,0,0,0,0,0,0
12945,Nevertire,135,53,79,0,1437,0,33
12946,Neville,229,63,110,7,1553,5,47
12947,New Berrima,598,161,310,11,1607,5,51
12948,New Brighton,368,190,165,10,1634,8,46
12949,New Buildings,31,10,19,0,687,0,4
12950,New Italy,249,74,122,6,1158,5,41
12951,New Lambton,10651,4879,5688,197,1853,235,1317
12952,New Lambton Heights,2610,1374,1415,52,2742,67,400
12953,New Mexico,59,18,31,0,2124,6,15
12954,New Park,142,33,50,3,1020,3,26
12955,New Valley,32,13,13,0,725,0,9
12956,Newbold,8,0,4,0,1375,0,0
12957,Newbridge (NSW),223,72,98,3,1428,7,29
12958,Newcastle,3852,2425,2466,113,1943,171,595
12959,Newcastle East,1061,576,545,26,1891,21,171
12960,Newcastle West,1453,913,814,40,1639,92,203
12961,Newee Creek,418,141,186,3,1347,12,62
12962,Newington (NSW),5648,3554,2937,124,2465,64,578
12963,Newnes,7,0,0,0,2250,0,0
12964,Newnes Plateau,0,0,0,0,0,0,0
12965,Newport (NSW),9659,5680,5334,172,2479,159,1497
12966,Newrybar,532,250,247,12,1843,6,92
12967,Newstead (NSW),19,10,15,0,1249,0,5
12968,Newton Boyd,21,3,12,0,1375,0,3
12969,Newtown (NSW),14690,10803,9920,406,2330,179,2232
12970,Niagara Park,2779,1133,1395,62,1780,56,335
12971,Niangala,149,48,85,0,1375,0,29
12972,Niemur,74,22,33,0,1812,0,14
12973,Nightcap,0,0,0,0,0,0,0
12974,Nimbin,1607,584,541,47,798,37,340
12975,Nimmitabel,324,105,145,6,1073,9,81
12976,Nimmo,24,12,17,0,1874,0,11
12977,Nirimba Fields,1632,938,878,40,2567,19,89
12978,Nobbys Creek,306,113,136,0,1949,8,58
12979,Nombi,55,27,36,0,2250,0,18
12980,Noona,21,0,20,0,1208,0,9
12981,Noorong,20,9,14,0,1374,0,7
12982,Nooroo,48,12,18,0,1562,0,4
12983,Norah Head,1149,395,518,17,1711,23,144
12984,Noraville,3001,961,1382,76,1480,76,246
12985,Nords Wharf,895,321,433,17,1679,22,110
12986,Normanhurst,5387,3203,2658,117,2590,88,875
12987,North Albury,6232,1885,2820,189,1159,180,602
12988,North Arm (NSW),117,30,54,5,1562,6,6
12989,North Arm Cove,552,187,207,16,1272,22,91
12990,North Avoca,2318,1236,1239,45,2511,34,382
12991,North Balgowlah,3816,2101,1925,57,4212,42,590
12992,North Batemans Bay,794,272,360,24,1268,38,85
12993,North Boambee Valley,2318,760,913,28,1414,64,236
12994,North Bondi,9290,5955,5246,186,3292,90,1401
12995,North Bourke,200,77,118,0,1781,3,36
12996,North Brother,0,0,0,0,0,0,0
12997,North Casino,1000,311,548,22,1968,25,142
12998,North Curl Curl,4288,2334,2293,71,3611,52,667
12999,North Dorrigo,186,63,84,0,933,5,40
13000,North Epping,4657,2912,2412,97,3062,88,882
13001,North Gosford,3986,1735,1975,130,1406,79,425
13002,North Haven (NSW),1619,400,526,34,832,73,195
13003,North Kellyville,17401,9462,9270,375,3120,154,1297
13004,North Lambton,3454,1684,1854,119,1678,78,410
13005,North Lismore,754,273,347,27,1166,14,118
13006,North Macksville,669,167,239,20,916,36,107
13007,North Manly,3396,1820,1804,57,3169,38,443
13008,North Narooma,683,282,256,10,1351,25,136
13009,North Narrabeen,6016,2975,3259,92,2711,89,743
13010,North Nowra,5856,2034,2679,95,1411,335,711
13011,North Parramatta,12064,6805,5903,361,1703,115,1054
13012,North Richmond,6358,2235,3031,105,1724,261,676
13013,North Rocks,9136,5305,4536,194,2354,140,1103
13014,North Rothbury,2502,874,1347,46,2206,73,201
13015,North Ryde,14043,8477,7468,325,2383,163,1387
13016,North Shore (NSW),371,150,183,9,1478,5,54
13017,North St Marys,4123,1096,1439,130,1255,49,181
13018,North Star,214,64,94,0,1786,5,47
13019,North Strathfield,4618,2911,2632,143,2333,179,366
13020,North Sydney,8964,6507,5657,211,2405,182,1182
13021,North Tamworth,6273,2324,2891,98,1463,148,765
13022,North Tumbulgum,238,95,118,10,2041,3,23
13023,North Turramurra,4194,2460,1586,59,2064,132,681
13024,North Wagga Wagga,679,184,352,17,1494,17,74
13025,North Wahroonga,2100,1311,998,45,3189,43,366
13026,North Willoughby,4161,2465,2059,74,2488,43,531
13027,North Wollongong,2299,1546,1375,113,1549,41,334
13028,North Woodburn,142,36,64,0,1343,0,7
13029,North Yalgogrin,77,15,42,0,1687,3,16
13030,North Yeoval,95,23,43,0,1187,4,21
13031,Northangera,44,25,22,0,2166,0,15
13032,Northbridge (NSW),6493,4063,3072,114,3874,96,1174
13033,Northmead,11261,6003,5553,253,1924,175,1177
13034,Northwood (NSW),916,620,444,5,5012,16,194
13035,Norway,58,10,28,0,1062,0,7
13036,Norwest,4688,2780,2452,123,2207,82,672
13037,Nowendoc,88,41,62,0,1093,0,19
13038,Nowley,50,9,24,0,2125,0,8
13039,Nowra,9956,2735,3535,321,1037,494,940
13040,Nowra Hill,2141,509,770,22,1902,244,138
13041,Nubba,77,37,47,0,1812,0,21
13042,Nulkaba,715,243,390,17,2217,18,76
13043,Nullamanna,171,52,91,5,1542,3,19
13044,Nullica,17,0,5,0,1312,0,0
13045,Nullo Mountain,20,8,14,0,1125,3,5
13046,Numbaa,122,31,51,0,1541,5,10
13047,Number One,27,7,4,0,1374,0,4
13048,Numbla Vale,43,12,31,0,1875,0,13
13049,Numbugga,129,54,61,0,1166,4,26
13050,Numeralla,254,91,129,0,1292,14,59
13051,Numinbah,89,38,38,6,1125,0,15
13052,Numulgi,207,87,116,6,1602,5,38
13053,Nunderi,696,247,351,17,1803,18,146
13054,Nundle,482,123,164,3,764,10,85
13055,Nungatta,4,0,0,0,1375,0,0
13056,Nungatta South,0,0,0,0,0,0,0
13057,Nurenmerenmong,10,3,8,0,1812,0,0
13058,Nymagee,96,27,39,0,1041,3,19
13059,Nymboida,268,80,91,18,870,6,58
13060,Nyngan,1953,562,991,35,1428,30,301
13061,Nyora (NSW),18,6,11,3,1875,0,0
13062,Nyrang Creek,29,10,12,0,1562,0,9
13063,O'Connell (NSW),653,268,347,7,2578,13,108
13064,Oak Flats,6840,2089,3188,148,1488,119,567
13065,Oakdale (NSW),2028,640,992,35,2083,49,189
13066,Oakey Park,305,82,143,12,1037,10,38
13067,Oakhampton,165,40,47,3,1125,10,16
13068,Oakhampton Heights,139,59,73,3,4187,7,15
13069,Oakhurst (NSW),6947,3298,3383,164,2097,46,394
13070,Oaklands,304,93,160,0,1053,12,79
13071,Oakville,2027,665,1048,27,2368,32,199
13072,Oakwood (NSW),178,50,89,0,1562,5,14
13073,Oallen,145,44,55,0,1125,8,24
13074,Oatlands (NSW),5833,3323,2699,98,2292,61,742
13075,Oatley,10664,6193,5280,170,2537,162,1575
13076,Oban,7,5,0,0,2750,0,0
13077,Obanvale,27,7,12,0,2750,0,7
13078,Oberne Creek,49,20,33,0,1562,0,16
13079,Oberon,3319,909,1475,66,1321,87,320
13080,Obley,94,22,42,0,1406,0,18
13081,Ocean Shores,5777,2709,2773,160,1471,113,864
13082,Ogunbil,152,66,87,5,1231,10,22
13083,Old Adaminaby,42,18,22,0,2124,0,9
13084,Old Bar,5126,1535,2006,117,1170,177,695
13085,Old Bonalbo,73,10,22,0,668,5,19
13086,Old Erowal Bay,1080,287,449,27,1246,37,93
13087,Old Grevillia,53,19,20,3,833,0,10
13088,Old Guildford,2857,1015,732,76,1511,22,137
13089,Old Junee,254,73,120,3,1312,9,47
13090,Old Mill,16,3,5,0,900,0,0
13091,Old Station,32,8,18,0,1166,0,0
13092,Old Toongabbie,3276,1560,1624,53,2172,48,336
13093,Olinda (NSW),32,12,17,0,1625,0,7
13094,Olney,0,0,0,0,0,0,0
13095,Omadale,0,0,0,0,0,0,0
13096,One Mile (NSW),501,186,218,0,1542,16,70
13097,One Tree,22,12,15,0,1562,0,10
13098,Oolong,54,26,28,0,1875,0,6
13099,Ooma,41,20,26,4,2666,0,10
13100,Ootha,44,14,21,0,1166,0,13
13101,Ophir,128,39,66,0,2100,0,10
13102,Oran Park,17624,7789,8659,423,2349,131,856
13103,Orange,41232,14960,20012,721,1641,813,4814
13104,Orange Grove (NSW),60,23,38,4,2125,0,13
13105,Orangeville,1354,463,743,20,2788,35,157
13106,Orchard Hills,1798,687,918,29,2279,31,209
13107,Orient Point,629,170,227,19,985,25,69
13108,Orton Park,38,14,14,0,2583,0,0
13109,Osborne (NSW),32,12,22,0,1792,0,17
13110,Osterley (NSW),132,39,72,4,2562,0,17
13111,Oswald,88,31,48,0,2125,0,11
13112,Otford,396,196,210,8,2750,3,66
13113,Oura,246,90,130,3,1937,3,39
13114,Ourimbah,4019,1735,2167,62,1940,91,518
13115,Ournie,34,18,20,0,1312,4,13
13116,Owens Gap,80,26,52,0,2062,0,11
13117,Oxford Falls,265,115,75,3,961,13,54
13118,Oxley (Balranald - NSW),31,20,25,0,2125,0,8
13119,Oxley (Warren - NSW),5,3,3,0,1499,0,0
13120,Oxley Island,321,99,138,10,1432,0,44
13121,Oxley Park,4197,1602,1761,122,1612,33,212
13122,Oxley Vale,3935,1128,1730,95,1381,64,340
13123,Oyster Bay,5689,2926,2949,87,3137,89,706
13124,Oyster Cove (NSW),91,26,43,3,1187,3,4
13125,Packsaddle,73,21,36,0,900,0,16
13126,Paddington (NSW),12701,9199,7969,289,3131,171,1952
13127,Paddys Flat (Kyogle - NSW),8,0,4,0,450,0,0
13128,Paddys Flat (Snowy Monaro Regional - NSW),23,6,12,0,1375,0,6
13129,Paddys River (Snowy Valleys - NSW),15,4,11,3,575,0,9
13130,Paddys River (Wingecarribee - NSW),64,30,39,0,1874,0,8
13131,Padstow,14017,7133,6447,323,1891,167,1112
13132,Padstow Heights,3594,1587,1620,55,1938,61,328
13133,Pagans Flat,4,0,3,0,1649,0,0
13134,Pages Creek,13,4,10,0,1624,0,0
13135,Pages River,5,5,9,0,1024,0,0
13136,Pagewood,3885,2054,1882,91,2281,52,373
13137,Palarang,26,12,16,0,1624,0,6
13138,Palerang,0,0,0,0,0,0,0
13139,Paling Yards (Bathurst Regional - NSW),15,7,7,0,2499,0,3
13140,Paling Yards (Oberon - NSW),13,4,5,0,1374,0,0
13141,Pallal,66,26,35,0,1875,0,23
13142,Pallamallawa,472,103,191,0,1635,3,55
13143,Palm Beach (NSW),1652,1074,781,28,2807,39,309
13144,Palm Grove (NSW),87,43,29,0,1416,0,17
13145,Palmdale (NSW),95,47,33,0,2156,3,12
13146,Palmers Channel,115,41,60,3,1199,3,19
13147,Palmers Island,482,153,234,12,1404,11,44
13148,Palmers Oaky,38,10,23,0,1292,0,6
13149,Palmvale,95,38,43,0,1724,4,9
13150,Palmwoods (NSW),78,33,30,3,966,0,14
13151,Pambula,1002,303,409,11,1117,28,159
13152,Pambula Beach,667,326,305,10,1414,27,172
13153,Pampoolah,423,102,164,3,1288,20,59
13154,Pan Ban,38,9,15,0,3499,0,8
13155,Panania,13507,6384,6239,286,2036,174,1119
13156,Pangee,21,3,9,0,1375,0,5
13157,Panuara,86,37,51,0,2250,0,17
13158,Pappinbarra,86,36,38,0,1156,5,24
13159,Para,7,4,4,0,2449,0,3
13160,Paradise (NSW),15,8,4,0,1375,0,0
13161,Paringi,29,15,15,0,1437,0,0
13162,Parkes (NSW),11324,3288,5255,261,1401,240,1494
13163,Parkesbourne,152,60,84,4,2083,6,21
13164,Parklea,3684,1374,1289,58,2832,8,181
13165,Parkville (NSW),275,66,162,0,2029,3,36
13166,Parma,167,66,86,4,1624,10,23
13167,Parramatta,30211,20307,17235,1222,2092,154,1980
13168,Parraweena,61,32,38,0,1937,0,8
13169,Patchs Beach,45,17,23,0,1833,0,4
13170,Paterson (NSW),960,306,507,18,1907,30,188
13171,Patonga,235,98,84,3,1069,5,38
13172,Paupong,11,4,4,0,1625,0,0
13173,Paxton,1215,317,539,29,1692,32,92
13174,Paynes Crossing,50,21,20,0,1374,5,11
13175,Paytens Bridge,109,45,61,0,2750,0,15
13176,Peacock Creek,23,3,9,0,900,0,3
13177,Peak Hill (NSW),1162,268,429,44,996,26,187
13178,Peak View,43,14,35,0,2083,3,19
13179,Peakhurst,12079,5813,5369,232,1835,199,1043
13180,Peakhurst Heights,2524,1197,1164,31,2105,46,310
13181,Pearces Creek,210,105,129,7,2285,0,43
13182,Pearl Beach,510,321,189,9,1761,16,158
13183,Peats Ridge,301,113,163,0,1875,0,40
13184,Pebbly Beach,0,0,0,0,75,0,0
13185,Peel,256,113,149,0,2399,3,49
13186,Peelwood,45,11,29,0,762,0,10
13187,Pejar,67,33,37,0,1542,0,17
13188,Pelaw Main,1080,245,472,30,1174,26,72
13189,Pelican (NSW),874,247,393,20,1448,20,93
13190,Pelton,82,22,42,4,1562,4,10
13191,Pembrooke,118,36,52,3,1375,0,23
13192,Pemulwuy,5532,2946,2763,102,2758,35,412
13193,Pendle Hill,7743,4045,3483,211,1824,55,487
13194,Pennant Hills,7588,4778,3918,199,2433,123,1229
13195,Penrith,17966,7473,8750,541,1397,369,1178
13196,Penrose,263,116,113,7,1091,6,65
13197,Penshurst (NSW),12592,7313,6330,310,1835,133,1022
13198,Pericoe,22,0,0,0,262,0,0
13199,Perisher Valley,99,61,72,0,5249,0,14
13200,Perrys Crossing,4,4,6,0,0,0,0
13201,Perthville,567,222,316,4,1883,9,98
13202,Petersham,8200,5305,4971,215,2217,85,1046
13203,Pheasants Nest,716,222,386,8,2428,16,53
13204,Phegans Bay,406,235,237,10,2075,4,61
13205,Phillip Bay,721,338,348,18,2193,13,63
13206,Phoenix Park,77,29,44,0,1416,4,8
13207,Piallamore,276,85,150,7,2053,6,41
13208,Piallaway,128,41,74,0,1375,4,22
13209,Piambong,157,58,94,0,1812,3,31
13210,Picketts Valley,221,109,93,0,2971,0,34
13211,Picnic Point,6413,3054,3198,104,2459,97,616
13212,Picton (NSW),5282,2056,2829,91,2181,130,556
13213,Pigeonbah,12,10,10,0,2874,0,4
13214,Piggabeen,333,116,172,6,1921,11,40
13215,Pikapene,5,0,3,0,0,0,3
13216,Pillar Valley,352,103,165,7,992,16,48
13217,Pilliga,175,31,74,3,762,0,29
13218,Pilot Wilderness,0,0,0,0,0,0,0
13219,Pimlico (NSW),358,123,178,9,1625,15,43
13220,Pimlico Island,0,0,0,0,0,0,0
13221,Pinbeyan,0,0,0,0,0,0,0
13222,Pindaroi,53,12,35,0,1208,0,12
13223,Pindimar,345,93,150,7,1067,19,59
13224,Pine Camp,10,3,6,0,1749,0,0
13225,Pine Clump,11,6,7,0,1625,0,0
13226,Pine Grove (NSW),3,0,0,0,1375,0,0
13227,Pine Lodge (NSW),38,13,20,0,1041,0,10
13228,Pine Ridge,96,21,41,0,1562,0,15
13229,Pine Valley,30,8,12,0,3083,0,5
13230,Piney Range,63,30,45,0,1687,0,15
13231,Pinkett,77,24,41,0,1958,0,14
13232,Pinnacle (NSW),30,10,18,0,1024,0,6
13233,Pinnacle Swamp,40,14,25,0,2374,0,10
13234,Pinny Beach,0,0,0,0,0,0,0
13235,Piora,71,16,42,0,1375,4,11
13236,Pipeclay,102,27,47,0,1625,6,17
13237,Pitnacree,48,7,35,0,2187,0,0
13238,Pitt Town,3871,1320,2063,35,2707,68,350
13239,Pitt Town Bottoms,85,17,44,0,3250,0,7
13240,Pleasant Hills,127,37,56,0,1350,3,48
13241,Pleasure Point,606,303,326,7,3276,9,49
13242,Plumpton (NSW),10070,4995,4772,275,2171,60,619
13243,Point Clare,3974,1710,1815,72,1623,126,467
13244,Point Frederick,2043,1069,1023,56,1631,49,279
13245,Point Piper,1334,939,685,20,4530,14,240
13246,Point Wolstoncroft,0,0,0,0,0,0,0
13247,Pointer Mountain,14,5,10,0,1624,0,4
13248,Pokolbin,1049,588,556,10,2395,31,133
13249,Pola Creek,86,22,41,0,2333,0,11
13250,Polo Flat,13,6,11,0,1875,0,0
13251,Pomeroy,94,36,50,0,1625,0,11
13252,Pomona (NSW),167,28,78,0,1375,5,17
13253,Ponto,53,17,30,0,2249,4,11
13254,Pooncarie,226,38,106,0,1031,0,20
13255,Port Botany,0,0,0,0,0,0,0
13256,Port Hacking,1210,622,608,9,3394,25,169
13257,Port Kembla,5088,1759,2157,128,1308,85,455
13258,Port Macquarie,47693,18634,21082,1025,1282,1558,6471
13259,Port Stephens,0,0,0,0,0,0,0
13260,Porters Creek,0,0,0,0,0,0,0
13261,Porters Retreat,64,22,29,0,1687,8,8
13262,Portland (NSW),2447,576,990,70,1150,78,280
13263,Possum Brush,145,39,56,0,1325,8,9
13264,Possum Creek,277,129,125,7,1649,0,49
13265,Potato Point,156,72,53,0,1281,8,40
13266,Pottery Estate,112,27,39,0,949,0,5
13267,Potts Hill,1454,827,658,38,2223,5,101
13268,Potts Point,7183,5333,4848,247,2054,326,980
13269,Pottsville,7238,2776,3163,138,1556,193,880
13270,Prairiewood,3457,1455,1174,69,1478,15,161
13271,Premer,126,19,31,4,875,0,10
13272,Prestons,15694,7631,7160,440,2310,90,972
13273,Pretty Beach (Central Coast - NSW),314,177,127,3,1818,11,61
13274,Pretty Beach (Shoalhaven - NSW),0,0,0,0,0,0,0
13275,Pretty Pine,59,20,37,0,1625,4,12
13276,Primbee,1623,527,702,30,1341,28,121
13277,Primrose Valley,155,62,80,0,2625,12,21
13278,Prospect (NSW),5187,2546,2580,100,2084,48,366
13279,Providence Portal,6,0,8,0,1625,0,0
13280,Pucawan,36,13,16,0,849,0,11
13281,Puddledock,41,24,23,0,1687,0,6
13282,Pulganbar,5,3,0,0,1574,0,0
13283,Pullabooka,52,19,32,0,1333,0,18
13284,Pulletop,64,19,38,0,2349,0,13
13285,Pumpenbil,247,104,95,0,1187,7,26
13286,Punchbowl (Canterbury-Bankstown - NSW),21384,9653,7176,762,1389,81,1073
13287,Punchbowl (Clarence Valley - NSW),3,3,3,0,2999,0,4
13288,Purfleet,107,5,13,3,574,0,7
13289,Purlewaugh,81,33,46,0,1437,0,18
13290,Putney,4097,2407,2178,57,3053,56,497
13291,Putta Bucca,190,65,100,3,2562,3,32
13292,Putty,126,41,50,0,1093,5,25
13293,Pyangle,37,3,23,0,1624,0,0
13294,Pymble,11775,7804,6063,258,3379,171,1960
13295,Pyramul,60,14,26,0,1042,0,7
13296,Pyree,110,38,70,0,1958,0,22
13297,Pyrmont,12658,8933,7614,412,2422,173,1359
13298,Quaama,291,100,115,0,1058,6,56
13299,Quakers Hill,27893,14203,14282,715,2310,257,2200
13300,Quambone,128,22,46,0,1100,0,9
13301,Quanda,19,8,9,0,1625,0,11
13302,Quandary,57,22,37,0,1812,0,15
13303,Quandialla,163,41,61,9,877,9,35
13304,Queanbeyan,6409,3263,3635,152,1693,303,712
13305,Queanbeyan East,4240,2240,2575,99,1687,286,436
13306,Queanbeyan West,3146,1407,1752,67,2106,164,308
13307,Queens Park (NSW),3143,1962,1632,59,3441,40,485
13308,Queens Pinch,44,12,20,0,1625,0,10
13309,Queenscliff (NSW),3407,2439,2251,67,2903,45,511
13310,Quialigo,292,82,127,0,1444,6,36
13311,Quidong,20,0,9,0,1625,0,0
13312,Quiera,7,3,6,0,2750,0,0
13313,Quipolly,215,54,103,0,2017,3,33
13314,Quirindi,3355,868,1412,87,1198,77,517
13315,Quorrobolong,573,198,311,15,2392,18,62
13316,Raby,5943,2312,2877,140,1907,109,352
13317,Raglan (NSW),1272,370,627,25,1785,32,134
13318,Rainbow Flat,693,213,319,14,1299,19,93
13319,Rainbow Reach,84,24,45,0,1025,6,11
13320,Raleigh,681,238,316,21,1482,10,89
13321,Ramornie,186,52,75,4,1028,5,23
13322,Ramsgate,1151,561,534,16,1803,15,111
13323,Ramsgate Beach,1734,862,826,35,1475,22,135
13324,Rand,192,55,89,8,1343,7,46
13325,Randwick,28943,19317,17002,601,2422,402,3572
13326,Rangari,42,7,26,0,2125,0,6
13327,Rangers Valley,27,10,21,0,2750,0,15
13328,Rankin Park,2547,1194,1316,29,2214,73,351
13329,Rankins Springs,208,58,106,3,1273,5,41
13330,Rannock,78,9,33,0,1833,0,18
13331,Rappville,142,33,39,9,743,0,26
13332,Rathmines,2076,719,941,51,1517,65,232
13333,Ravensdale,70,32,33,0,2124,0,18
13334,Ravenswood (NSW),444,103,129,17,930,6,45
13335,Ravensworth (NSW),5,0,0,0,0,0,0
13336,Rawdon Island,142,52,63,0,2349,9,18
13337,Rawdon Vale,15,4,9,0,1749,0,0
13338,Raworth,2094,762,1122,52,2203,73,219
13339,Rawsonville,66,29,39,3,3125,0,13
13340,Raymond Terrace,13453,3501,5948,432,1297,612,1106
13341,Razorback,1174,439,604,17,2730,15,150
13342,Red Head,798,310,317,16,1228,23,132
13343,Red Hill (Snowy Valleys - NSW),4,0,0,0,1125,0,0
13344,Red Hill (Tamworth Regional - NSW),30,15,12,0,1375,0,3
13345,Red Hill (Warren - NSW),5,0,0,0,725,0,0
13346,Red Range,247,60,97,7,1388,8,34
13347,Red Rock,412,148,162,0,1148,15,86
13348,Red Rocks,3,3,4,0,3250,0,0
13349,Redbank (NSW),404,151,207,0,1833,4,62
13350,Redbournberry,247,93,134,4,2583,3,39
13351,Reddestone,59,25,30,0,1062,4,13
13352,Redfern,13072,8980,7891,459,2145,145,1662
13353,Redhead,3785,1430,1694,60,1598,108,481
13354,Redlands,36,15,18,0,2499,0,12
13355,Reedy Creek (NSW),159,52,89,0,1583,0,27
13356,Reedy Swamp,97,40,50,0,1416,0,31
13357,Reefton (NSW),34,12,12,0,1458,4,7
13358,Regents Park (NSW),4990,2419,1928,189,1402,36,355
13359,Regentville,829,302,447,16,2187,19,64
13360,Reids Flat,85,26,42,9,833,3,9
13361,Reidsdale,121,61,67,4,1583,0,26
13362,Rennie,31,9,7,0,2749,0,3
13363,Reno,131,30,58,0,1910,5,16
13364,Renwick,1453,641,753,16,2377,33,152
13365,Repentance Creek,118,52,48,0,1187,4,18
13366,Repton,667,280,324,17,1480,25,134
13367,Reserve Creek,201,62,97,3,1403,4,19
13368,Retreat (NSW),45,15,24,0,725,0,14
13369,Revesby,15268,7280,6531,346,1844,156,1087
13370,Revesby Heights,1916,936,1031,33,2673,37,187
13371,Rhine Falls,39,20,29,0,2125,0,5
13372,Rhodes,11453,8664,6997,396,2183,60,808
13373,Richards,37,3,11,0,725,0,0
13374,Richlands (NSW),48,20,25,0,1812,0,24
13375,Richmond (NSW),5418,1974,2405,116,1353,295,537
13376,Richmond Hill (NSW),850,380,461,10,2006,25,159
13377,Richmond Lowlands,55,20,28,0,2749,0,8
13378,Richmond Vale,95,31,59,3,3124,0,9
13379,Rileys Hill,181,55,88,0,1337,3,40
13380,Ringwood (NSW),37,14,27,0,1625,4,13
13381,Riverlea,32,13,17,0,962,3,8
13382,Riverside (NSW),298,123,119,3,1461,8,43
13383,Riverstone,8627,3558,4229,224,2138,99,653
13384,Rivertree,10,3,4,0,0,0,0
13385,Riverview (NSW),3148,1958,1614,57,4731,45,624
13386,Riverwood,12793,6479,5026,393,1210,84,771
13387,Rixs Creek,18,6,14,0,2249,0,6
13388,Rob Roy,69,26,38,0,1499,0,10
13389,Robertson (NSW),2017,849,983,28,1736,43,339
13390,Robin Hill,925,423,490,6,2708,21,171
13391,Rock Flat,73,37,56,0,2625,0,6
13392,Rock Forest,149,82,88,3,2107,3,30
13393,Rock Valley,266,111,131,8,1346,7,45
13394,Rockdale,15475,9581,8344,575,1906,79,925
13395,Rockley,180,67,86,0,1111,7,30
13396,Rockley Mount,78,38,46,0,2791,0,21
13397,Rockton,22,10,9,0,1125,0,4
13398,Rocky Creek (Gwydir - NSW),25,11,14,0,1031,4,3
13399,Rocky Creek (Inverell - NSW),25,4,10,0,824,0,0
13400,Rocky Glen,65,12,29,3,933,0,13
13401,Rocky Hall,53,15,24,3,1125,4,23
13402,Rocky Plain (NSW),69,25,37,0,1812,0,26
13403,Rocky Point (NSW),275,96,135,3,1678,5,27
13404,Rocky River (Tenterfield - NSW),35,7,10,0,1187,4,6
13405,Rocky River (Uralla - NSW),297,105,135,6,1343,7,58
13406,Rodd Point,1380,788,725,15,2953,17,176
13407,Rollands Plains,151,53,76,3,1292,4,30
13408,Rookhurst,60,20,21,0,1375,0,11
13409,Rookwood (NSW),3,0,4,0,1874,0,0
13410,Rooty Hill,16176,7569,7141,500,2001,104,856
13411,Ropes Crossing,7280,3281,3438,158,2216,82,430
13412,Rose Bay (NSW),9911,6544,5272,179,2539,121,1392
13413,Rose Valley (Kiama - NSW),87,51,50,0,2150,3,16
13414,Rose Valley (Snowy Monaro Regional - NSW),32,13,13,0,1874,0,6
13415,Rosebank,423,202,202,16,1660,11,72
13416,Roseberg,39,11,14,0,754,4,8
13417,Roseberry,25,4,16,4,1124,0,9
13418,Roseberry Creek,57,23,21,0,1083,5,9
13419,Rosebery (NSW),13533,9084,8135,335,2274,190,1094
13420,Rosebrook (NSW),73,25,43,3,2583,9,12
13421,Rosedale (NSW),225,118,92,3,1531,3,47
13422,Rosehill (NSW),4047,2498,2129,141,1763,20,242
13423,Roselands,12356,5891,5064,299,1685,68,736
13424,Rosemeadow,8007,2894,3464,190,1708,99,480
13425,Rosemeath,26,7,20,0,1874,0,10
13426,Roseville,10340,6750,5312,227,3200,131,1777
13427,Roseville Chase,1618,1042,812,27,4026,27,269
13428,Rosewood (Port Macquarie-Hastings - NSW),221,68,120,0,1728,10,35
13429,Rosewood (Snowy Valleys - NSW),218,48,86,0,1312,11,46
13430,Roslyn,95,34,50,0,1416,0,25
13431,Rossglen,50,16,15,0,1281,5,7
13432,Rossgole,5,0,5,0,1749,0,7
13433,Rossi,117,41,64,0,2650,0,10
13434,Rossmore (NSW),2241,713,887,42,1827,24,130
13435,Rothbury,55,30,31,0,2250,0,3
13436,Roto,33,11,14,0,2166,0,6
13437,Rouchel,137,53,80,0,2031,0,25
13438,Rouchel Brook,22,9,13,0,1583,0,3
13439,Roughit,111,27,60,0,1624,3,13
13440,Round Mountain,148,49,73,0,1375,0,25
13441,Round Swamp,11,3,3,0,687,0,3
13442,Rous,230,110,139,0,1687,8,38
13443,Rous Mill,204,81,108,3,1562,8,29
13444,Rouse Hill,11349,6196,6562,292,2643,182,1102
13445,Rowan,105,41,58,0,2416,0,16
13446,Rowena,172,58,90,0,1731,4,22
13447,Rowlands Creek,84,32,22,0,833,6,20
13448,Royal National Park,42,18,17,0,1875,0,10
13449,Royalla,1063,522,566,12,3655,46,187
13450,Rozelle,8553,5648,5141,174,3196,122,1090
13451,Ruby Creek,65,16,31,0,1291,4,17
13452,Rufus,41,11,17,0,1187,0,11
13453,Rugby,83,25,34,0,1437,3,12
13454,Rukenvale,15,8,6,0,1625,0,0
13455,Run-o-Waters,605,234,309,6,2229,28,92
13456,Running Stream,120,42,52,0,959,3,31
13457,Runnyford,28,15,13,0,1749,0,13
13458,Ruse,5632,2068,2569,122,1797,115,433
13459,Rushcutters Bay,2335,1760,1544,81,1877,46,348
13460,Rushes Creek,98,25,59,0,1281,4,20
13461,Rushforth,285,82,128,8,1524,8,32
13462,Russell Lea,4920,2658,2572,76,2658,51,536
13463,Russell Vale,1593,514,733,18,1715,31,186
13464,Rutherford,13091,3485,5945,336,1475,347,820
13465,Ruthven,114,36,58,0,2208,4,8
13466,Ryan (NSW),62,10,30,0,1625,0,25
13467,Rydal,163,67,81,5,1325,11,34
13468,Rydalmere,7274,3997,3510,203,1871,78,687
13469,Ryde,31907,19460,17119,837,2024,299,2888
13470,Rye Park,230,84,103,10,1300,5,46
13471,Ryhope,35,14,23,0,1375,0,4
13472,Rylstone,904,277,383,26,1113,32,166
13473,Sackville,230,69,142,0,2178,3,27
13474,Sackville North,388,137,196,6,2833,3,55
13475,Saddleback Mountain,67,29,29,0,1916,0,17
13476,Sadleir,3243,1004,824,107,946,35,115
13477,Safety Beach (NSW),1103,447,519,19,1837,23,174
13478,Salamander Bay,4991,1657,1859,85,1107,247,637
13479,Salisbury (NSW),50,19,29,0,1875,0,9
13480,Salisbury Plains,61,27,42,0,1916,0,29
13481,Sallys Flat,13,7,8,0,1125,0,4
13482,Salt Ash,1103,251,500,31,1461,44,107
13483,Saltwater,4,0,4,0,1875,0,0
13484,San Isidore,349,122,195,4,2178,13,70
13485,San Remo (NSW),4434,1091,1937,134,1375,76,259
13486,Sancrox,602,226,315,12,2050,14,88
13487,Sanctuary Point,7874,2103,3001,198,1068,432,650
13488,Sandbar,0,0,0,0,0,0,0
13489,Sandgate (NSW),276,47,51,0,687,9,10
13490,Sandigo,87,34,45,0,1625,0,21
13491,Sandilands (NSW),20,3,13,0,1374,0,9
13492,Sandon (NSW),9,6,0,0,874,0,0
13493,Sandringham (NSW),1275,663,595,23,2101,16,111
13494,Sandy Beach,2913,1076,1403,91,1567,74,267
13495,Sandy Creek (Cobar - NSW),25,7,14,0,2250,0,0
13496,Sandy Creek (Upper Hunter Shire - NSW),42,17,27,0,2249,0,15
13497,Sandy Crossing,26,7,11,0,1624,0,7
13498,Sandy Flat,97,29,40,0,1333,0,21
13499,Sandy Gully (NSW),15,7,11,0,1437,0,0
13500,Sandy Hill,44,19,20,0,1281,0,10
13501,Sandy Hollow,188,39,81,0,1300,7,16
13502,Sandy Point (NSW),597,292,352,9,2986,19,88
13503,Sanger,5,0,5,0,1249,0,5
13504,Sans Souci,10864,5326,5039,232,1863,177,833
13505,Sapphire,32,12,19,0,1375,0,6
13506,Sapphire Beach,2660,1240,1309,41,2056,68,372
13507,Saratoga,3982,1749,2064,44,1989,94,457
13508,Sassafras (NSW),18,17,13,0,900,0,3
13509,Saumarez,76,35,38,0,1468,5,16
13510,Saumarez Ponds,416,191,228,0,2045,7,103
13511,Savernake,67,33,46,0,1666,0,15
13512,Sawpit Creek,7,3,6,0,1375,0,0
13513,Sawtell,3788,1622,1773,80,1405,105,647
13514,Sawyers Gully,542,121,279,12,1847,9,44
13515,Scarborough (NSW),325,144,158,11,2571,11,43
13516,Scheyville,7,7,6,0,6999,0,0
13517,Schofields,15213,8058,8092,359,2696,106,950
13518,Scone,5824,1877,2909,93,1507,127,654
13519,Scotia,12,3,5,0,575,0,4
13520,Scotland Island,711,412,371,10,2397,9,131
13521,Scotts Creek (NSW),25,7,9,0,725,0,0
13522,Scotts Flat,43,4,27,0,1312,0,0
13523,Scotts Head,986,387,359,15,1212,26,169
13524,Seaforth (NSW),7384,4299,3602,114,4184,109,1149
13525,Seaham,1011,356,559,19,2312,41,140
13526,Seahampton,292,82,146,0,1625,6,29
13527,Seal Rocks,56,29,21,0,1416,0,11
13528,Sebastopol (NSW),56,8,28,0,2250,0,14
13529,Sedgefield,254,69,125,3,2656,4,25
13530,Seelands,376,114,190,8,1468,20,44
13531,Sefton,6300,2761,2204,144,1528,44,335
13532,Segenhoe,219,90,128,0,1478,0,31
13533,Seven Hills (NSW),20095,9740,9341,543,1892,232,1611
13534,Seven Oaks,56,12,32,0,1874,0,4
13535,Sextonville,30,15,17,0,1124,0,4
13536,Shadforth (NSW),104,39,57,0,2374,4,20
13537,Shallow Bay,68,16,19,0,1166,0,4
13538,Shalvey,3455,921,1067,104,1180,36,144
13539,Shanes Park,384,97,189,9,1531,0,19
13540,Shannon Brook,182,54,86,0,1575,0,17
13541,Shannon Vale,143,59,80,0,1458,0,39
13542,Shannondale,76,18,23,0,1375,0,8
13543,Shannons Flat,87,33,36,0,1875,3,18
13544,Shark Creek,30,6,8,0,933,0,3
13545,Sharps Creek,13,6,9,0,2250,0,0
13546,Sheedys Gully,136,45,58,3,1625,0,20
13547,Shell Cove,7591,3040,3919,142,2452,147,689
13548,Shellharbour,3520,1258,1719,67,1596,79,380
13549,Shellharbour City Centre,457,135,119,3,949,15,31
13550,Shelly Beach (NSW),1313,497,617,22,1646,38,147
13551,Sherwood (Clarence Valley - NSW),68,14,17,0,900,3,9
13552,Sherwood (Kempsey - NSW),145,46,63,0,1303,7,30
13553,Sherwood (Kyogle - NSW),36,8,15,0,749,0,4
13554,Shoal Bay (NSW),1815,597,634,35,1007,63,235
13555,Shoalhaven Heads,3248,1027,1216,42,1066,154,498
13556,Shooters Hill,29,10,18,0,2749,0,7
13557,Shortland,4537,1755,2245,141,1344,139,425
13558,Silent Grove,11,4,3,0,1249,0,0
13559,Silverdale (NSW),4543,1484,2491,54,2654,67,345
13560,Silverton (NSW),48,16,21,0,1375,4,8
13561,Silverwater (Lake Macquarie - NSW),274,89,113,12,1387,7,38
13562,Silverwater (Parramatta - NSW),3600,1274,1133,79,1875,10,162
13563,Simpkins Creek,28,11,15,0,1625,0,7
13564,Singleton (NSW),5185,1472,2517,134,1517,143,585
13565,Singleton Heights,4896,1350,2345,102,1925,122,492
13566,Singleton Military Area,581,299,405,0,1625,389,51
13567,Singletons Mill,3,0,0,0,725,0,0
13568,Six Mile Swamp,0,0,0,0,0,0,0
13569,Skennars Head,1303,563,676,30,1674,48,184
13570,Skillion Flat,93,18,41,0,1562,0,10
13571,Skinners Shoot,130,76,62,4,1874,4,24
13572,Sleepy Hollow,123,56,61,0,1375,7,16
13573,Smeaton Grange,16,3,7,0,899,0,0
13574,Smiggin Holes,19,7,13,0,0,0,10
13575,Smithfield (NSW),13160,4726,4054,361,1300,85,588
13576,Smiths Creek (Clarence Valley - NSW),20,6,6,0,450,0,0
13577,Smiths Creek (Kyogle - NSW),55,22,26,0,1333,0,17
13578,Smiths Creek (Tweed - NSW),345,148,159,15,1187,12,76
13579,Smiths Lake,1332,467,552,30,1210,46,161
13580,Smithtown,625,151,254,14,1178,13,43
13581,Snakes Plain,14,4,5,0,1875,0,0
13582,Snowball,3,0,0,0,1199,0,0
13583,Snowy Plain,0,3,3,0,1874,0,0
13584,Sodwalls,94,37,52,0,1937,0,10
13585,Sofala,111,34,30,8,668,6,26
13586,Soldiers Point,1564,632,648,33,1350,91,215
13587,Somersby,1087,428,581,16,2215,17,173
13588,Somerton (NSW),272,84,145,0,1455,8,42
13589,South Albury,1372,594,757,43,1147,36,155
13590,South Arm (Clarence Valley - NSW),196,65,89,3,1452,13,26
13591,South Arm (Nambucca Valley - NSW),311,73,102,14,900,0,51
13592,South Ballina,27,11,19,0,1124,0,3
13593,South Bathurst,1583,545,761,34,1222,37,177
13594,South Bowenfels,1326,473,574,7,1608,37,236
13595,South Coogee,5611,3042,2508,116,2105,156,652
13596,South Durras,319,169,154,0,1398,8,80
13597,South Golden Beach,887,442,455,15,1620,5,137
13598,South Grafton,6288,1386,2240,220,975,168,628
13599,South Granville,5829,2081,1461,170,1104,21,254
13600,South Gundagai,781,193,359,17,1279,20,93
13601,South Gundurimba,355,99,184,0,1381,13,41
13602,South Guyra,385,82,151,15,827,8,41
13603,South Hurstville,5221,2846,2360,140,1867,49,392
13604,South Kempsey,2604,562,928,96,1074,67,245
13605,South Lismore,1775,543,873,54,1252,36,196
13606,South Littleton,317,96,145,10,1317,7,52
13607,South Maitland,432,120,185,10,995,9,35
13608,South Maroota,613,231,322,5,2424,7,87
13609,South Murwillumbah,1064,322,483,40,1292,32,108
13610,South Nowra,3165,1083,1552,68,1789,251,269
13611,South Pambula,493,155,240,7,1608,16,68
13612,South Penrith,12005,4298,5840,251,1870,250,898
13613,South Tamworth,6621,1631,2696,223,1029,157,541
13614,South Turramurra,3208,1961,1660,74,3447,59,578
13615,South Wentworthville,6913,3193,2775,186,1793,61,387
13616,South West Rocks,5058,1413,1761,115,980,187,686
13617,South Windsor,5948,1800,2745,123,1466,141,446
13618,South Wolumla,180,58,89,3,1471,4,35
13619,Southampton (NSW),33,12,16,0,1999,0,0
13620,Southgate,198,63,102,6,1321,12,30
13621,Speers Point,3400,1359,1710,61,1766,109,368
13622,Speewa,115,35,72,0,1375,0,19
13623,Spencer,288,93,124,10,913,10,36
13624,Spicers Creek,55,28,34,0,1125,0,9
13625,Spicketts Creek,32,17,19,0,1375,4,6
13626,Splitters Creek,312,164,155,0,2968,3,76
13627,Spring Creek (NSW),131,49,66,0,2050,0,20
13628,Spring Farm (NSW),9868,4009,5447,165,2403,131,507
13629,Spring Flat,345,128,185,0,2974,5,51
13630,Spring Grove,532,138,255,6,1837,13,55
13631,Spring Hill (Orange - NSW),526,163,252,3,1971,14,84
13632,Spring Hill (Wollongong - NSW),92,34,47,7,1937,0,3
13633,Spring Mountain (NSW),20,10,11,0,1562,0,0
13634,Spring Plains,73,28,36,0,1666,0,24
13635,Spring Ridge,266,86,134,0,1312,3,50
13636,Spring Terrace,123,54,51,0,1812,0,23
13637,Springdale (NSW),126,28,63,0,1562,3,20
13638,Springdale Heights,2644,748,1186,72,1202,92,257
13639,Springfield (Central Coast - NSW),4310,1875,2276,103,2008,81,529
13640,Springfield (Snowy Monaro Regional - NSW),34,14,20,0,1749,0,14
13641,Springrange,498,254,273,7,2750,15,91
13642,Springside (NSW),303,144,166,4,2250,7,72
13643,Springvale (NSW),1851,753,1060,21,3185,44,326
13644,Springwood (NSW),8423,4088,3949,154,1778,255,1338
13645,St Albans (NSW),161,76,57,0,919,4,51
13646,St Andrews (NSW),5785,2241,2618,134,1837,78,389
13647,St Clair (Penrith - NSW),19942,7725,9917,438,2067,248,1208
13648,St Clair (Singleton - NSW),17,0,10,0,2125,0,0
13649,St Fillans,259,76,126,7,1775,10,37
13650,St George (NSW),0,0,0,0,0,0,0
13651,St Georges Basin,3215,892,1204,50,1113,195,361
13652,St Helens Park,6647,2525,3195,163,1850,91,415
13653,St Huberts Island,1080,413,448,6,1605,41,128
13654,St Ives (NSW),18384,11599,8734,377,2888,266,2716
13655,St Ives Chase,3283,2001,1553,66,3306,51,501
13656,St Johns Park,6302,2773,2191,161,1567,16,290
13657,St Leonards (NSW),7212,5534,4998,181,2475,106,674
13658,St Marys (NSW),13256,4897,5660,412,1437,149,761
13659,St Peters (NSW),3629,2519,2490,84,2924,51,406
13660,Stanborough,85,33,50,9,1531,0,13
13661,Stanbridge,204,34,75,0,1125,6,15
13662,Stanford Merthyr,575,123,257,11,1337,9,34
13663,Stanhope (NSW),162,49,82,4,2200,4,18
13664,Stanhope Gardens,9349,5192,4926,207,2868,91,855
13665,Stanmore (NSW),7619,5138,4804,196,2395,81,1024
13666,Stannifer,75,18,14,0,840,4,3
13667,Stannum,56,18,24,0,1312,4,16
13668,Stanwell Park,1532,829,789,30,2798,26,258
13669,Stanwell Tops,517,243,262,6,2663,8,88
13670,State Mine Gully,10,3,0,0,1374,0,0
13671,Steam Plains,0,3,3,0,0,0,3
13672,Steeple Flat,25,8,13,0,1312,0,7
13673,Stewarts Brook,24,12,11,0,1375,0,4
13674,Stewarts River,126,51,57,6,1406,3,20
13675,Stockinbingal,347,105,145,12,986,10,56
13676,Stockrington,92,30,48,0,1958,0,12
13677,Stockton (NSW),4046,1438,1893,109,1535,187,536
13678,Stockyard Creek (NSW),55,15,16,0,900,5,4
13679,Stokers Siding,692,270,308,11,1492,20,91
13680,Stonehenge (NSW),136,46,74,0,1406,5,35
13681,Stonequarry,34,12,15,0,2374,4,8
13682,Stony Chute,156,71,72,3,919,4,23
13683,Stony Creek (Bega Valley - NSW),151,50,85,0,1542,0,30
13684,Stony Creek (Mid-Western Regional - NSW),65,31,35,0,2249,0,19
13685,Stony Crossing,27,5,20,0,1624,0,6
13686,Stotts Creek,10,5,7,0,1749,0,0
13687,Stratford (NSW),161,34,62,9,979,0,10
13688,Strathcedar,88,27,42,0,1354,3,7
13689,Stratheden,220,55,110,0,1235,9,21
13690,Strathfield (NSW),25915,18078,14302,959,2262,155,2453
13691,Strathfield South,3636,2156,1841,103,2045,21,364
13692,Stroud,988,271,440,20,1310,35,158
13693,Stroud Hill,31,11,17,0,780,0,8
13694,Stroud Road,242,60,121,5,1483,0,34
13695,Stuart Town,241,55,87,3,909,6,32
13696,Stuarts Point,766,211,241,24,777,28,107
13697,Stubbo,270,70,111,0,1305,17,45
13698,Stud Park,54,25,29,0,1625,0,10
13699,Suffolk Park,4222,2331,2253,108,2020,68,625
13700,Sugarloaf (NSW),65,28,30,0,1375,0,17
13701,Summer Hill (Dungog - NSW),128,34,52,0,1906,0,25
13702,Summer Hill (Inner West - NSW),7288,4947,4513,195,2260,70,1012
13703,Summer Hill Creek,234,98,141,0,2562,3,43
13704,Summer Island,93,34,60,0,2100,0,14
13705,Summerland Point,2708,748,1136,68,1312,86,195
13706,Sun Valley (NSW),234,116,126,0,2374,15,47
13707,Sunny Corner,94,27,35,0,1281,0,16
13708,Sunset Strip (NSW),42,4,4,0,537,4,19
13709,Sunshine (NSW),475,153,211,13,1575,18,55
13710,Sunshine Bay,1439,472,549,24,1138,65,191
13711,Suntop,61,20,34,0,2250,0,12
13712,Surf Beach (NSW),1934,619,736,36,1099,69,257
13713,Surfside,1456,416,583,27,1168,50,157
13714,Surry Hills,15828,11914,10604,507,2308,216,2023
13715,Sussex Inlet,3888,928,1221,74,887,186,523
13716,Sutherland (NSW),11570,6270,6677,234,1949,254,1136
13717,Sutton (NSW),1556,765,851,16,3044,62,253
13718,Sutton Forest,504,219,252,4,2069,14,76
13719,Swan Bay (Port Stephens - NSW),310,85,136,8,1156,8,58
13720,Swan Bay (Richmond Valley - NSW),357,89,170,7,1833,0,28
13721,Swan Creek (NSW),106,24,47,0,900,0,21
13722,Swan Vale,35,13,18,0,1874,4,8
13723,Swanbrook,9,3,6,0,2124,0,4
13724,Swanhaven,196,46,55,5,809,7,20
13725,Swans Crossing,0,0,0,0,0,0,0
13726,Swansea (NSW),5044,1251,1932,119,1037,174,464
13727,Swansea Heads,609,241,298,8,2083,16,95
13728,Sweetmans Creek,44,17,22,0,1125,0,8
13729,Sydenham (NSW),1100,692,662,32,2245,9,115
13730,Sydney,16667,12982,10414,707,2227,213,1274
13731,Sydney Olympic Park,4848,3512,2972,201,1975,38,315
13732,Sylvania,10749,5093,4881,162,1961,229,1003
13733,Sylvania Waters,3200,1662,1596,51,2371,30,263
13734,Tabbil Creek,53,19,28,0,1718,0,8
13735,Tabbimoble,33,13,18,0,599,0,3
13736,Tabbita,76,26,52,0,2750,0,9
13737,Table Top,1516,619,847,19,2475,41,311
13738,Tabulam,508,115,148,23,701,14,105
13739,Tacoma,615,178,283,9,1679,11,57
13740,Tacoma South,257,97,126,3,1781,10,25
13741,Tahlee,28,13,9,0,966,0,11
13742,Tahmoor,5777,1686,2762,97,1739,95,440
13743,Talarm,242,72,112,0,1292,6,49
13744,Talawanta,19,9,8,0,949,0,4
13745,Talbingo,224,52,60,9,969,8,51
13746,Tallawang,165,44,81,4,1449,4,17
13747,Tallawong,6570,3551,3569,172,2759,46,397
13748,Tallimba,185,45,86,0,1202,3,37
13749,Tallong,914,294,408,12,1579,24,111
13750,Tallowal,0,0,0,0,0,0,0
13751,Tallowwood Ridge,25,10,8,0,387,4,6
13752,Tallwood,67,27,44,0,2036,3,16
13753,Tallwoods Village,993,402,394,14,1314,43,157
13754,Talmalmo,44,12,22,0,1375,0,16
13755,Talofa,103,61,65,0,3062,0,20
13756,Taloumbi,96,38,27,3,1292,4,10
13757,Tamarama,1478,1030,887,35,4522,12,249
13758,Tamban,94,35,44,5,949,8,8
13759,Tambar Springs,273,71,107,0,1013,3,40
13760,Tambaroora,30,7,9,7,687,5,4
13761,Taminda,57,16,26,0,1375,0,3
13762,Tamworth,189,52,60,0,697,0,15
13763,Tanglewood,104,53,68,8,1875,3,17
13764,Tanilba Bay,3237,846,1258,81,1131,206,315
13765,Tanja,174,94,81,4,1042,3,37
13766,Tannas Mount,47,18,23,0,1833,3,9
13767,Tantangara,0,0,0,0,0,0,0
13768,Tantawangalo,162,62,84,0,1333,6,25
13769,Tantonan,15,3,11,0,1375,0,5
13770,Tapitallee,625,285,311,9,2062,33,99
13771,Tara (NSW),47,18,27,0,1437,0,14
13772,Taradale (NSW),33,6,15,0,1312,0,12
13773,Tarago,510,191,270,15,2027,35,74
13774,Taralga,403,141,193,4,1166,12,92
13775,Tarana,187,70,102,0,1875,7,43
13776,Tarban,13,3,8,0,1149,3,9
13777,Tarbuck Bay,194,63,84,3,1021,5,22
13778,Tarcutta,425,108,216,8,1265,7,70
13779,Taree,16715,4253,6081,571,968,511,1637
13780,Taree South,326,89,122,9,1067,11,38
13781,Taren Point,1879,821,643,24,1463,51,211
13782,Tarlo,171,84,80,0,1562,7,26
13783,Tarraganda,346,135,182,0,1612,9,77
13784,Tarrawanna,2184,842,938,28,1449,47,247
13785,Tarriaro,102,36,62,0,2125,5,20
13786,Tarro,1703,403,769,50,1167,49,126
13787,Tascott,1675,813,863,51,1882,34,224
13788,Tatham,225,63,122,0,1575,0,43
13789,Tathra,1527,752,680,20,1221,59,437
13790,Tatton,2560,1105,1383,26,2337,115,385
13791,Taylors Arm,133,23,42,3,885,8,19
13792,Taylors Beach (NSW),130,45,62,0,1625,5,18
13793,Taylors Flat,58,24,20,0,966,3,7
13794,Tea Gardens,3288,1054,797,39,991,224,632
13795,Telarah,2318,597,1118,71,1311,53,176
13796,Telegraph Point,604,197,298,13,1514,15,89
13797,Telopea,5356,2991,2381,131,1465,47,463
13798,Temagog,268,70,112,12,1087,12,24
13799,Temora,4706,1271,2092,67,1165,129,880
13800,Tempe,3550,1987,1935,80,2452,35,328
13801,Ten Mile Hollow,6,6,0,0,0,0,6
13802,Tenambit,3088,887,1332,75,1251,101,270
13803,Tenandra,78,32,45,3,1875,0,18
13804,Tennyson (NSW),379,147,196,11,2133,12,40
13805,Tennyson Point,1247,694,630,28,3232,12,160
13806,Tenterden (NSW),41,8,19,0,1218,3,10
13807,Tenterfield,4067,1210,1599,89,933,150,759
13808,Teralba,2654,884,1324,55,2060,72,233
13809,Terania Creek,207,95,87,5,949,0,53
13810,Terara,305,74,103,4,825,10,36
13811,Teridgerie,27,6,15,0,1749,0,0
13812,Termeil,273,101,128,3,1390,10,32
13813,Terrabella,14,6,13,0,3250,0,0
13814,Terrace Creek,40,14,20,5,824,0,4
13815,Terragon,98,37,42,0,2062,0,11
13816,Terramungamine,315,96,161,0,2172,8,40
13817,Terranora,3365,1408,1742,69,2120,101,364
13818,Terreel,3,0,0,0,450,0,0
13819,Terrey Hills,3142,1610,1536,34,2778,70,517
13820,Terrigal,12730,6072,6268,202,2056,254,1588
13821,Terry Hie Hie,76,19,31,0,1749,0,12
13822,Teven,306,119,175,11,1825,12,59
13823,Tewinga,74,31,33,0,933,6,13
13824,Texas (NSW),23,12,12,0,1062,0,14
13825,Thalgarrah,166,70,90,0,1395,0,28
13826,Tharbogang,452,139,234,0,1912,6,45
13827,The Angle,86,52,51,5,1875,0,25
13828,The Basin (NSW),0,0,0,0,0,0,0
13829,The Bight,60,21,27,0,1062,0,22
13830,The Branch,130,39,69,5,1187,4,19
13831,The Brothers,30,9,18,0,2250,0,7
13832,The Channon,325,150,161,4,1300,9,69
13833,The Devils Wilderness,0,0,0,0,0,0,0
13834,The Entrance,4244,1374,1630,148,971,117,328
13835,The Entrance North,1619,513,698,54,1331,32,152
13836,The Freshwater,5,3,4,0,1749,0,0
13837,The Gap (Richmond Valley - NSW),0,0,0,0,0,0,0
13838,The Gap (Wagga Wagga - NSW),76,31,41,3,2125,0,20
13839,The Glen (NSW),5,0,5,0,1375,0,0
13840,The Gulf,0,0,0,0,0,0,0
13841,The Hatch,44,9,18,0,1375,0,5
13842,The Hill,2076,1466,1405,57,1849,72,383
13843,The Junction,994,578,559,20,1916,33,151
13844,The Lagoon,268,84,149,0,2303,3,30
13845,The Marra,76,35,50,0,2083,0,17
13846,The Meadows,22,15,15,0,1899,0,0
13847,The Oaks,2982,996,1562,41,2265,74,314
13848,The Pilliga,0,0,0,0,0,0,0
13849,The Pinnacles,87,27,32,0,1437,0,4
13850,The Pocket,231,105,105,0,1812,0,35
13851,The Ponds,16315,8823,8180,345,3285,146,1157
13852,The Ridgeway,162,96,80,4,2791,11,33
13853,The Risk,31,7,19,0,1812,0,9
13854,The Rock,1347,373,557,18,1358,51,209
13855,The Rocks (Bathurst Regional - NSW),70,26,35,0,3333,3,9
13856,The Rocks (Sydney - NSW),629,489,412,13,4374,17,94
13857,The Sandon,0,0,0,0,649,0,0
13858,The Slopes,327,133,193,7,2272,9,42
13859,The Whiteman,158,53,80,3,1770,11,17
13860,Theresa Creek (NSW),72,16,38,0,833,4,10
13861,Theresa Park,600,201,280,3,2522,11,65
13862,Thirldene,34,6,11,0,1625,0,3
13863,Thirlmere,4986,1499,2366,79,1708,116,458
13864,Thirroul,6348,3156,3188,110,2281,133,924
13865,Thora,311,117,145,6,1271,8,69
13866,Thornleigh,8898,5313,4715,199,2681,131,1358
13867,Thornton (NSW),10690,3797,5957,240,2051,562,827
13868,Thredbo,405,203,224,6,1666,3,55
13869,Thrumster,2382,927,1231,48,1988,72,219
13870,Thuddungra,137,35,73,0,1525,0,27
13871,Thule,25,18,21,0,1416,3,7
13872,Thumb Creek,36,7,4,0,725,0,0
13873,Thurgoona,11028,4423,5820,202,1953,340,1353
13874,Thyra,17,8,12,0,1625,0,3
13875,Tianjara,7,0,3,0,1749,0,0
13876,Tibbuc,41,20,17,0,949,0,7
13877,Tibooburra,95,34,56,0,1833,3,28
13878,Tichborne,92,35,50,0,1542,3,14
13879,Tichular,0,0,0,0,75,0,0
13880,Tighes Hill,1801,980,1080,56,2084,44,256
13881,Tilba Tilba,102,36,55,5,1125,0,16
13882,Tilbuster,49,23,28,0,2562,0,11
13883,Tilligerry Creek,0,0,0,0,0,0,0
13884,Tilpa,46,16,23,0,1187,0,3
13885,Timbarra (NSW),36,12,20,0,1833,4,12
13886,Timbillica,12,0,9,0,900,0,3
13887,Timbumburi,122,46,73,0,2291,4,17
13888,Timor (NSW),55,23,27,0,1531,0,8
13889,Tindarey,35,10,16,0,2250,0,6
13890,Tinderry,59,28,26,0,1916,0,18
13891,Tingha,774,120,262,26,897,11,78
13892,Tingira Heights,2043,721,1101,55,1947,52,196
13893,Tinonee,1202,354,536,23,1294,29,195
13894,Tinpot,4,3,6,0,900,0,3
13895,Tintenbar,618,289,308,7,1896,12,112
13896,Tintinhull,433,130,210,3,1787,12,58
13897,Tiona,10,3,4,0,874,0,0
13898,Tipperary (NSW),34,5,18,0,849,3,8
13899,Tiri,3,3,3,0,575,0,0
13900,Tirrannaville,235,79,140,4,2023,9,39
13901,Titaatee Creek,23,11,16,4,1437,3,6
13902,Tocal,47,22,7,0,1125,0,19
13903,Tocumwal,2862,723,1019,30,1067,114,519
13904,Tolbar,0,0,0,0,0,0,0
13905,Tolland,3459,927,1450,104,1207,82,292
13906,Tolwong,0,0,0,0,0,0,0
13907,Tomago,269,38,83,9,788,10,7
13908,Tomakin,1233,449,470,16,1260,63,171
13909,Tomalla,6,5,6,0,1125,0,0
13910,Tombong,0,0,0,0,450,0,0
13911,Tomboye,36,10,14,0,833,0,5
13912,Tomerong,1194,398,584,11,1868,63,143
13913,Tomewin,98,36,44,0,1687,0,6
13914,Tomingley,342,95,156,3,1375,10,47
13915,Tomki,69,20,35,0,1208,3,12
13916,Toms Creek,33,4,9,5,700,0,8
13917,Tonderburine,112,38,72,0,1875,3,31
13918,Tongarra,141,56,97,3,3041,0,23
13919,Toogong,71,19,27,0,900,0,14
13920,Tooleybuc,336,88,170,4,1452,5,45
13921,Toolijooa,103,52,56,4,2250,0,24
13922,Tooloom,14,3,5,0,949,0,4
13923,Tooloon,34,23,33,0,2250,0,5
13924,Tooma,66,28,46,0,2125,0,15
13925,Toongabbie (NSW),16177,8478,7814,489,2106,130,1348
13926,Toongi,62,22,34,0,1874,0,8
13927,Toonumbar,30,14,13,0,725,0,6
13928,Tooranie,12,10,7,0,1624,0,0
13929,Tooraweenah,253,65,129,7,1078,3,57
13930,Toormina,6171,1769,2478,166,1059,178,651
13931,Toorooka,47,11,14,0,762,3,9
13932,Toothdale,210,76,105,5,1978,10,42
13933,Tootool,51,18,28,0,2125,6,18
13934,Toowoon Bay,543,197,218,0,1168,16,74
13935,Topi Topi,53,27,28,0,2250,0,13
13936,Toronto,5973,1877,2254,175,1170,200,589
13937,Torrington (NSW),77,13,12,5,612,3,11
13938,Torryburn (Dungog - NSW),131,47,66,0,1875,4,22
13939,Torryburn (Uralla - NSW),41,11,20,0,2124,0,7
13940,Totnes Valley,29,9,15,0,1062,0,10
13941,Tottenham (NSW),451,117,197,3,937,12,102
13942,Touga,0,0,0,0,0,0,0
13943,Toukley,4557,1295,1738,132,1044,138,364
13944,Towallum,0,0,0,0,0,0,0
13945,Towamba,249,63,79,5,808,12,40
13946,Townsend,991,259,383,11,1044,30,122
13947,Towradgi,3241,1327,1562,48,1572,52,393
13948,Towrang,161,45,74,0,1562,7,20
13949,Tralee,0,0,0,0,900,0,0
13950,Trangie,1073,305,455,16,1220,30,186
13951,Tregeagle,428,187,229,3,1955,15,80
13952,Tregear,3700,881,1107,134,1103,36,166
13953,Trenayr,71,19,38,6,1062,0,12
13954,Trentham Cliffs,85,36,50,0,1625,0,23
13955,Trewilga,24,7,13,0,1374,0,3
13956,Triamble,12,3,11,0,574,0,8
13957,Triangle Flat,62,14,35,0,1375,5,4
13958,Trundle,568,160,243,11,1114,19,138
13959,Trungley Hall,80,21,39,0,2050,3,17
13960,Trunkey Creek,118,23,43,0,1087,4,17
13961,Tubbamurra,19,3,10,0,962,0,0
13962,Tubbul,63,19,36,0,1166,0,16
13963,Tucabia,354,95,154,12,1045,19,51
13964,Tucki Tucki,128,37,61,4,1375,3,25
13965,Tuckombil,285,122,146,0,2027,8,44
13966,Tuckurimba,112,37,54,0,1687,3,24
13967,Tuena,81,23,23,3,574,4,15
13968,Tuggerah,925,407,501,19,1569,21,89
13969,Tuggerawong,1285,406,598,34,1477,35,113
13970,Tugrabakh,81,31,29,0,1270,0,20
13971,Tullakool,68,24,48,0,1833,0,19
13972,Tullamore,369,92,155,6,931,4,73
13973,Tullarwalla,0,0,0,0,2750,0,0
13974,Tullera,271,107,141,0,1468,6,47
13975,Tullibigeal,263,73,126,9,1262,7,73
13976,Tullimbar,1840,731,995,30,2217,45,152
13977,Tulloona,59,13,28,0,1499,5,4
13978,Tullymorgan,106,21,50,0,1416,0,11
13979,Tumbarumba,1915,504,846,21,1252,54,360
13980,Tumbi Umbi,5369,1977,2447,100,1657,122,555
13981,Tumblong,225,50,106,0,1524,6,37
13982,Tumbulgum,454,165,241,5,1985,5,61
13983,Tumorrama,20,3,11,0,2250,0,13
13984,Tumut,6613,1899,2989,155,1242,155,888
13985,Tumut Plains,70,16,33,0,2416,0,14
13986,Tuncester,51,10,30,0,1374,0,9
13987,Tuncurry,6376,1515,2060,146,854,277,713
13988,Tunglebung,42,13,23,0,1374,0,7
13989,Tuntable Creek,215,89,93,7,1125,4,62
13990,Tuppal,19,12,9,0,1375,0,8
13991,Tura Beach,3405,1407,1335,42,1280,159,644
13992,Turill,100,16,36,0,1312,3,13
13993,Turlinjah,144,55,75,0,1416,5,26
13994,Turners Flat,169,48,83,0,1781,0,19
13995,Turondale,103,32,42,3,1437,6,14
13996,Tuross,23,10,6,3,900,0,0
13997,Tuross Head,2353,874,816,30,1043,114,401
13998,Turramurra,12850,8411,6486,269,3046,191,2210
13999,Turrawan,83,31,47,0,1624,7,12
14000,Turrella,2673,1492,1304,78,2137,14,154
14001,Turvey Park,3572,1610,1980,82,1785,89,557
14002,Tweed Heads,9176,3673,3782,214,1138,345,1028
14003,Tweed Heads South,7941,2558,3083,194,976,317,747
14004,Tweed Heads West,6176,2029,2571,152,1029,179,565
14005,Twelve Mile,25,10,13,0,1625,0,6
14006,Twelve Mile Creek,159,25,51,9,933,5,16
14007,Twelve Mile Peg,0,0,0,0,0,0,0
14008,Twenty Forests,0,0,0,0,0,0,0
14009,Twin Rivers,38,15,19,0,2125,0,3
14010,Two Mile Flat,59,14,30,0,1625,3,13
14011,Tyagarah,194,122,95,0,2374,0,39
14012,Tyalgum,521,188,239,18,1237,8,82
14013,Tyalgum Creek,129,55,52,6,1174,6,20
14014,Tygalgah,116,34,66,4,2299,0,20
14015,Tyndale,190,55,86,4,1113,5,32
14016,Tyringham,109,38,50,0,833,0,24
14017,Uarbry,38,10,11,0,850,0,8
14018,Uki,685,239,286,17,1283,16,110
14019,Ulamambri,189,58,85,4,1062,9,39
14020,Ulan,81,15,25,0,1624,3,9
14021,Ulladulla,7262,2186,2794,139,1007,222,863
14022,Ulmarra,749,188,315,25,984,24,78
14023,Ulong,215,61,77,5,974,0,37
14024,Ultimo,7410,5638,4387,434,1805,71,766
14025,Umina Beach,17372,6193,7587,398,1421,398,1649
14026,Unanderra,5476,1723,2111,134,1211,81,440
14027,Underbank,16,3,14,0,1999,0,4
14028,Undercliffe,27,7,6,0,833,4,9
14029,Ungarie,396,95,174,18,958,4,107
14030,Unumgar,20,4,7,0,949,0,3
14031,Upper Allyn,17,9,11,0,2583,0,0
14032,Upper Bingara,21,5,12,0,474,0,3
14033,Upper Burringbar,289,121,132,15,1042,9,38
14034,Upper Bylong,5,0,0,0,1125,0,0
14035,Upper Colo,48,29,26,0,1624,0,17
14036,Upper Coopers Creek,78,37,36,0,1125,0,9
14037,Upper Copmanhurst,99,26,49,0,1093,0,15
14038,Upper Corindi,158,40,74,8,1267,4,23
14039,Upper Crystal Creek,212,72,83,5,1468,3,27
14040,Upper Dartbrook,152,48,84,0,1843,5,28
14041,Upper Duck Creek,0,0,0,0,2250,0,0
14042,Upper Duroby,118,59,54,3,1375,4,23
14043,Upper Eden Creek,45,11,20,0,1312,3,12
14044,Upper Fine Flower,46,13,16,4,489,0,9
14045,Upper Growee,8,0,0,0,1124,0,0
14046,Upper Horseshoe Creek,118,48,45,3,1062,3,25
14047,Upper Horton,138,44,65,0,1221,5,37
14048,Upper Kangaroo River,151,97,82,3,1781,10,44
14049,Upper Kangaroo Valley,3,0,0,0,450,0,0
14050,Upper Karuah River,3,3,0,0,824,0,0
14051,Upper Lansdowne,533,156,203,13,1143,11,85
14052,Upper Macdonald,42,25,26,0,1812,0,19
14053,Upper Main Arm,283,122,118,6,850,9,54
14054,Upper Mangrove,0,0,0,0,2500,0,0
14055,Upper Manilla,105,30,52,0,1666,0,8
14056,Upper Mongogarie,24,3,12,0,900,0,0
14057,Upper Myall,38,9,22,0,1624,0,9
14058,Upper Nile,12,10,3,0,1375,0,0
14059,Upper Orara,863,312,402,19,1739,18,126
14060,Upper Pappinbarra,48,15,18,5,966,0,6
14061,Upper Rollands Plains,150,37,62,0,1343,6,16
14062,Upper Rouchel,73,22,44,0,2187,0,13
14063,Upper Taylors Arm,126,40,58,0,974,0,21
14064,Upper Tooloom,57,13,30,0,787,0,19
14065,Upper Turon,13,0,7,0,575,0,0
14066,Upper Wilsons Creek,79,36,30,0,1562,0,10
14067,Upsalls Creek,116,36,56,0,1375,7,17
14068,Uralba,266,116,133,0,1812,3,52
14069,Uralla (NSW),2728,914,1208,70,1150,87,484
14070,Urana,329,88,144,13,933,13,85
14071,Urangeline,31,14,22,0,1437,0,19
14072,Urangeline East,37,4,19,0,1499,0,10
14073,Uranquinty,910,260,460,5,1580,30,136
14074,Urawilkie,5,0,3,0,1249,0,3
14075,Urbenville,331,76,109,13,833,11,49
14076,Uriarra,31,15,16,0,2750,3,5
14077,Urila,110,52,56,0,2250,0,24
14078,Urliup,193,67,91,6,1474,8,45
14079,Urunga,3185,1040,1230,70,1071,106,483
14080,Utungun,194,54,89,7,1174,3,39
14081,Vacy,719,230,376,13,1803,24,108
14082,Vale Of Clwydd,465,139,214,21,995,9,55
14083,Valentine,5773,2530,2916,98,2159,161,764
14084,Valery,53,12,28,0,1562,0,6
14085,Valla,1052,387,536,27,1617,31,157
14086,Valla Beach,1455,577,579,21,1084,52,246
14087,Valley Heights,1188,565,610,17,2144,30,173
14088,Varroville,134,49,51,7,2549,0,19
14089,Vaucluse,9510,6113,4583,178,3418,108,1507
14090,Verges Creek,298,72,132,3,1525,13,40
14091,Verona,286,106,128,3,1156,14,67
14092,Villawood,7051,2389,1763,241,951,43,303
14093,Vincentia,3870,1715,1707,55,1550,330,631
14094,Vineyard,1143,353,483,18,1214,19,76
14095,Violet Hill,0,0,0,0,0,0,0
14096,Vittoria (NSW),59,28,29,0,1343,0,11
14097,Voyager Point,1678,960,967,37,3205,101,203
14098,Wadalba,4204,1443,2023,86,1942,57,278
14099,Wadbilliga,0,0,0,0,0,0,0
14100,Wadeville,177,81,51,14,564,0,34
14101,Wagga Wagga,7198,3333,3844,193,1355,253,1059
14102,Wagstaffe,240,149,101,0,1892,6,52
14103,Wahroonga,17853,11183,8593,332,2998,307,2827
14104,Waitara,7837,4995,4021,210,2106,62,630
14105,Waitui,89,43,36,0,1274,0,16
14106,Wakefield,144,53,74,0,2281,3,20
14107,Wakeley,4893,2190,1726,133,1553,21,202
14108,Wakool,262,58,105,5,888,8,44
14109,Walang,109,39,51,0,2399,0,14
14110,Walbundrie,156,48,86,4,1375,0,39
14111,Walcha,2475,797,1146,33,1220,51,532
14112,Walcha Road,72,12,31,0,1291,0,10
14113,Waldegrave,33,14,23,0,2749,0,0
14114,Walgett,1824,429,612,23,1554,20,167
14115,Walla Walla,811,196,367,22,1166,21,189
14116,Wallabadah,382,100,176,8,1062,8,65
14117,Wallabi Point,938,330,409,6,1763,16,139
14118,Wallacetown,5,0,0,0,0,0,0
14119,Wallacia,1711,508,861,28,2004,29,147
14120,Wallaga Lake,587,251,203,7,915,33,164
14121,Wallagoot,597,237,294,0,1583,20,116
14122,Wallalong,1049,358,592,11,2547,27,118
14123,Wallamore,84,24,53,0,1875,3,10
14124,Wallanbah,70,20,32,0,1083,4,6
14125,Wallangra,93,31,30,0,1125,0,17
14126,Wallanthery,50,23,36,0,1562,0,12
14127,Wallarah,344,95,148,9,1887,9,21
14128,Wallaringa,14,4,9,0,1458,0,0
14129,Wallarobba,174,66,93,7,1781,8,31
14130,Wallaroo (NSW),576,316,337,11,3107,22,128
14131,Wallendbeen,299,108,140,4,1416,8,69
14132,Wallerawang,2019,486,908,44,1424,29,202
14133,Walleroobie,53,15,26,0,1399,0,20
14134,Wallingat,4,0,0,0,0,0,0
14135,Wallis Lake,6,0,0,0,900,0,0
14136,Wallsend,13244,4986,6406,383,1401,351,1157
14137,Walmer (NSW),52,18,27,0,2049,0,13
14138,Wamban,120,47,62,0,1291,3,25
14139,Wambangalang,68,21,35,0,1437,5,9
14140,Wamberal,6991,3321,3608,96,2407,104,872
14141,Wamboin,1805,1055,1042,35,3461,140,399
14142,Wambool,38,16,24,0,2812,4,4
14143,Wambrook,48,22,19,0,1583,0,3
14144,Wanaaring,81,21,40,0,1375,0,16
14145,Wandandian,359,100,178,3,1718,22,60
14146,Wandella (NSW),141,41,67,0,1104,11,27
14147,Wandera,15,3,0,0,900,0,4
14148,Wandook,36,15,24,0,1312,0,9
14149,Wandsworth,107,42,58,0,1625,6,20
14150,Wang Wauk,98,32,43,3,1208,8,25
14151,Wanganella,61,25,27,0,1333,0,10
14152,Wanganui,51,24,21,0,1125,0,9
14153,Wangi Wangi,2920,1033,1197,62,1339,105,375
14154,Wantabadgery,183,62,98,0,1468,5,37
14155,Wantagong,76,31,46,0,2416,0,23
14156,Wantiool,49,19,23,0,1375,0,6
14157,Wapengo,93,48,35,0,1406,0,12
14158,Warabrook,1982,845,932,42,1634,71,205
14159,Waratah (NSW),4927,2170,2448,120,1511,156,505
14160,Waratah West,3142,1500,1712,103,1518,96,315
14161,Warburn,62,18,38,0,1874,0,9
14162,Wardell,830,233,361,11,1254,21,78
14163,Wardrop Valley,80,30,44,0,1312,6,8
14164,Wards Mistake,27,6,18,0,1316,0,3
14165,Wards River,178,40,66,10,783,11,29
14166,Wareemba,1519,798,734,19,2294,16,167
14167,Warialda,1480,366,578,29,964,31,274
14168,Warialda Rail,182,33,63,3,949,0,20
14169,Warilla,6226,1472,2236,163,987,122,425
14170,Warkworth,42,5,26,0,2249,0,5
14171,Warners Bay,8237,3160,4001,149,1494,238,963
14172,Warnervale,701,238,355,28,1929,12,57
14173,Warrabah,5,0,4,0,1824,0,0
14174,Warraderry,89,38,53,0,1350,3,16
14175,Warragai Creek,84,15,33,0,1437,5,7
14176,Warragamba,1202,310,605,20,1548,30,100
14177,Warragoon,98,32,60,4,1424,0,17
14178,Warrah,46,15,30,0,2374,0,7
14179,Warrah Creek,78,15,44,0,1906,0,20
14180,Warrah Ridge,84,38,49,0,2062,0,23
14181,Warral,445,142,246,6,2152,9,63
14182,Warranulla,46,19,19,0,1375,0,11
14183,Warrawee,3170,2115,1600,51,3388,61,560
14184,Warrawidgee,110,17,34,0,1562,0,10
14185,Warrawong,4659,1271,1464,138,908,57,220
14186,Warrazambil Creek,19,7,6,0,949,0,0
14187,Warregah Island,30,7,9,0,1458,0,0
14188,Warrell Creek,265,64,116,10,1258,9,47
14189,Warren,1272,375,552,28,1267,23,185
14190,Warri,144,67,74,0,3150,14,31
14191,Warriewood,8379,4167,4253,115,2598,124,942
14192,Warrimoo,2452,1208,1338,45,2382,67,380
14193,Warroo (NSW),123,43,69,0,1875,0,24
14194,Warrumbungle,0,0,0,0,1375,0,0
14195,Warwick Farm,6135,2842,2339,246,1132,28,268
14196,Washpool (Clarence Valley - NSW),0,0,0,0,0,0,0
14197,Washpool (Mid-Coast - NSW),38,14,20,0,1874,0,11
14198,Watagan,37,17,9,0,675,0,12
14199,Watanobbi,3980,1283,1681,113,1315,74,289
14200,Waterfall,522,195,269,6,2232,11,65
14201,Waterloo (NSW),16379,11313,9704,603,2028,276,1434
14202,Watersleigh,40,22,20,0,1624,0,13
14203,Waterview,90,23,39,3,767,8,8
14204,Waterview Heights,1364,385,606,29,1485,55,178
14205,Watsons Bay,883,554,443,12,2924,133,150
14206,Watsons Creek (NSW),94,35,41,3,743,9,16
14207,Wattamolla,71,52,28,0,2750,0,35
14208,Wattamondara,214,53,95,0,1402,9,37
14209,Wattle Flat (NSW),270,58,114,5,1071,11,36
14210,Wattle Grove (NSW),8886,4505,4771,177,2459,457,825
14211,Wattle Ponds,1193,395,658,13,2775,27,159
14212,Wattle Ridge (NSW),0,0,0,0,900,0,0
14213,Watton,63,27,38,0,2583,0,9
14214,Wauchope,6589,1715,2631,164,1114,198,769
14215,Waugorah,9,0,3,0,2124,0,0
14216,Waukivory,108,38,49,0,1089,7,24
14217,Waverley (NSW),4216,2519,2221,49,2873,49,494
14218,Waverly,77,29,49,0,1625,0,14
14219,Waverton,2981,2230,1797,63,2890,52,512
14220,Way Way,265,99,123,9,1375,3,47
14221,Wayo,125,57,63,0,1968,4,19
14222,Weabonga,43,18,21,0,725,0,6
14223,Wean,34,9,17,0,1062,0,4
14224,Webbers Creek,28,7,8,0,1375,4,0
14225,Webbs Creek,55,20,19,0,1187,3,5
14226,Wedderburn (NSW),665,240,304,11,2062,16,70
14227,Wee Jasper,127,51,53,3,825,4,41
14228,Wee Waa,2034,511,870,37,1286,28,239
14229,Weedallion,29,3,16,0,1125,0,0
14230,Weemelah,86,29,35,0,1156,0,12
14231,Weetaliba,67,18,28,0,612,0,5
14232,Weethalle,268,57,105,0,956,0,49
14233,Weilmoringle,72,19,34,0,1624,0,13
14234,Weismantels,26,5,8,0,900,0,0
14235,Welaregang,32,11,18,0,2062,4,4
14236,Welby,764,235,366,17,1357,23,90
14237,Wellingrove,95,27,54,0,974,0,20
14238,Wellington (NSW),4096,949,1420,120,975,95,381
14239,Wellington Vale,27,10,22,0,1125,0,10
14240,Wells Crossing,212,50,78,11,1016,6,16
14241,Wendoree Park,131,56,77,0,2349,3,31
14242,Wentworth (NSW),1577,354,558,34,952,47,233
14243,Wentworth Falls,6428,3211,2704,113,1528,181,1027
14244,Wentworth Point,12703,9183,7919,450,2035,93,844
14245,Wentworthville,15098,8890,7656,493,2219,72,1100
14246,Werai,98,61,59,0,1937,3,15
14247,Wereboldera,9,3,3,0,1625,0,0
14248,Wermatong,51,12,21,0,1749,0,10
14249,Werombi,941,299,465,6,2511,11,71
14250,Werri Beach,510,246,248,3,1941,15,102
14251,Werrikimbe,0,0,0,0,0,0,0
14252,Werrington,5328,2231,2505,177,1605,54,308
14253,Werrington County,3698,1224,1853,55,2042,75,228
14254,Werrington Downs,3221,1084,1684,60,2139,71,196
14255,Werris Creek,1478,287,540,52,941,47,210
14256,West Albury,3872,1498,1727,99,1363,127,574
14257,West Ballina,3230,960,1209,59,1015,139,427
14258,West Bathurst,3634,1308,1708,107,1299,107,394
14259,West Bungawalbin,54,10,8,3,1187,0,6
14260,West Coraki,98,27,51,0,1343,0,13
14261,West Gosford,1602,641,713,44,1169,47,132
14262,West Haven,1139,341,317,16,940,68,174
14263,West Hoxton,10152,4870,4788,244,2468,55,553
14264,West Kempsey,5073,1114,1619,185,925,144,433
14265,West Nowra,1504,440,739,35,1493,104,139
14266,West Pennant Hills,16620,10436,8542,323,3078,217,2481
14267,West Pymble,5441,3344,2812,121,3503,103,962
14268,West Ryde,13171,8267,6936,391,1983,118,1350
14269,West Tamworth,5471,1287,2116,215,1053,99,416
14270,West Wallsend,2981,867,1493,51,1627,76,253
14271,West Wiangaree,131,27,53,0,1562,6,22
14272,West Wollongong,5223,2581,2616,152,1672,69,640
14273,West Wyalong,3037,844,1447,37,1427,57,538
14274,Westbrook (NSW),151,39,86,6,2594,0,24
14275,Westdale (Snowy Valleys - NSW),0,0,0,0,0,0,0
14276,Westdale (Tamworth Regional - NSW),2963,808,1508,76,1704,44,199
14277,Westleigh,4501,2745,2371,75,3021,85,738
14278,Westmead,16555,10109,8536,681,2144,71,1224
14279,Weston (NSW),4088,873,1773,135,1343,116,276
14280,Westwood (NSW),7,5,8,0,3250,0,0
14281,Wetherill Park,6412,2697,2347,171,1556,28,334
14282,Wetuppa,6,0,7,0,1187,0,3
14283,Whalan,5929,1662,1791,173,1160,82,283
14284,Whale Beach,315,226,121,0,3285,8,63
14285,Wheeler Heights,3232,1602,1776,36,2914,40,389
14286,Wheeny Creek,74,20,33,0,1874,0,14
14287,Wheeo,68,18,41,0,2250,0,14
14288,Wherrol Flat,329,107,151,0,1162,7,51
14289,Whian Whian,179,73,69,3,1437,0,28
14290,Whiporie,114,23,23,0,1187,3,8
14291,White Cliffs,156,53,73,0,617,11,45
14292,White Rock (NSW),807,305,401,13,2562,6,143
14293,Whitebridge,2900,1189,1505,50,2062,79,378
14294,Whiteman Creek,158,32,56,0,1625,3,16
14295,Whitlow,51,14,27,0,1124,0,7
14296,Whittingham,421,110,213,4,1958,13,51
14297,Whitton,523,100,205,14,1243,8,33
14298,Whoota,73,41,29,0,1812,0,16
14299,Wiagdon,35,10,18,0,1624,0,9
14300,Wiangaree,161,46,60,0,966,7,24
14301,Wiarborough,18,5,6,0,1375,0,4
14302,Wickham (NSW),1637,1036,1129,36,1902,108,218
14303,Widden,87,44,65,0,1937,0,3
14304,Widgelli,91,30,44,0,1199,4,19
14305,Wilberforce (NSW),2957,924,1599,49,2259,71,295
14306,Wilbetree,35,12,18,0,2249,0,9
14307,Wilcannia,735,111,196,9,1211,5,50
14308,Wild Cattle Creek,0,0,0,0,0,0,0
14309,Wildes Meadow,249,145,141,14,2100,13,54
14310,Wiley Park,10016,4868,3445,381,1246,21,464
14311,Willala,55,22,32,0,1375,0,20
14312,Willawarrin,183,38,68,4,845,9,30
14313,Willbriggie,127,33,74,0,2166,0,7
14314,Willi Willi,28,4,13,0,1833,0,0
14315,Williamsdale,65,37,36,0,3624,7,7
14316,Williamtown,762,220,314,11,889,73,63
14317,Willigobung,63,14,33,3,1374,0,12
14318,Willina,73,21,30,0,1312,3,3
14319,Willmot,2382,608,721,98,1036,34,105
14320,Willoughby (NSW),7124,4260,3674,126,2995,98,974
14321,Willoughby East,1864,1089,932,40,4536,19,302
14322,Willow Tree,327,69,142,3,961,6,44
14323,Willow Vale (Kiama - NSW),73,34,40,0,1833,4,12
14324,Willow Vale (Wingecarribee - NSW),826,338,438,14,1974,28,97
14325,Willsons Downfall,31,16,13,0,1187,0,12
14326,Willurah,0,0,0,0,0,0,0
14327,Wilpinjong,0,0,0,0,0,0,0
14328,Wilsons Creek,466,220,202,22,1347,3,91
14329,Wilton (NSW),3767,1376,1936,37,2840,66,286
14330,Wimbledon,88,35,55,0,2399,0,13
14331,Wimborne,16,6,11,0,1625,3,5
14332,Winburndale,0,0,0,0,0,0,0
14333,Windale,3421,513,921,126,775,51,179
14334,Windang,2610,664,936,46,916,76,225
14335,Windella,845,325,466,11,2886,28,96
14336,Windellama,417,127,173,16,1483,22,62
14337,Windera (NSW),292,159,174,0,3222,4,44
14338,Windermere (NSW),64,21,23,0,2249,0,10
14339,Windermere Park,722,214,372,27,1446,26,75
14340,Windeyer (NSW),187,54,77,5,837,4,34
14341,Windowie,28,6,14,0,2250,0,5
14342,Windradyne,3309,1242,1637,60,1567,85,364
14343,Windsor (NSW),1915,700,899,38,1679,45,213
14344,Windsor Downs,1183,493,663,16,2629,29,148
14345,Windy,0,0,0,0,725,0,0
14346,Winegrove,28,7,10,0,850,4,3
14347,Wingadee,28,9,11,0,2125,0,4
14348,Wingello,647,220,318,13,1542,16,86
14349,Wingen,277,79,142,0,1571,6,30
14350,Wingham,5395,1361,2136,149,1105,150,630
14351,Winifred,44,8,17,0,1249,0,6
14352,Winmalee,6388,2914,3315,104,2147,189,859
14353,Winston Hills,12123,6206,5776,198,2309,185,1352
14354,Winton (NSW),209,76,128,0,1768,0,43
14355,Wirlinga,395,173,219,5,2284,15,46
14356,Wirraba,0,0,0,0,0,0,0
14357,Wirragulla,25,9,17,0,1624,0,3
14358,Wirrimah,62,16,27,0,1125,3,7
14359,Wirrimbi,160,48,88,9,2150,8,31
14360,Wirrinya,92,32,51,0,1625,0,18
14361,Wisemans Creek,109,34,43,0,1104,3,12
14362,Wisemans Ferry,233,80,111,0,1361,11,33
14363,Wittitrin,56,14,21,0,1437,0,11
14364,Wog Wog (Bega Valley - NSW),0,0,0,0,0,0,0
14365,Wog Wog (Queanbeyan-Palerang Regional - NSW),15,4,11,0,1125,0,0
14366,Woko,9,0,0,0,2749,0,0
14367,Wolgan Valley,71,55,51,0,4999,0,8
14368,Wollangambe,0,0,0,0,0,0,0
14369,Wollar,52,12,17,0,1875,0,6
14370,Wollemi,0,0,0,0,0,0,0
14371,Wolli Creek,10654,7986,6834,436,2163,103,676
14372,Wollogorang,49,21,27,3,2312,3,3
14373,Wollombi,301,145,124,4,1674,0,83
14374,Wollomombi,119,50,66,3,1093,5,19
14375,Wollongbar,3261,1259,1660,47,1639,86,475
14376,Wollongong,20446,12012,11202,623,1549,381,2494
14377,Wollstonecraft,8115,6115,5193,159,2639,141,1269
14378,Wollumboola,28,9,11,0,1875,0,0
14379,Wollun,44,18,30,0,1375,0,8
14380,Wolumla,767,237,383,8,1396,37,115
14381,Wombarra,944,534,508,26,2860,20,176
14382,Wombat,280,74,123,6,1261,5,35
14383,Wombat Creek (NSW),0,0,0,0,575,0,0
14384,Wombeyan Caves,53,27,19,3,900,4,15
14385,Womboota,90,32,53,0,1156,0,25
14386,Womerah,0,0,0,0,0,0,0
14387,Wonboyn,130,41,44,0,1027,3,36
14388,Wonboyn North,0,0,0,0,0,0,0
14389,Wondabyne,3,0,0,0,1375,0,0
14390,Wondalga,85,35,50,4,1718,0,16
14391,Wongarbon,814,214,397,20,1892,14,80
14392,Wongawilli,1213,499,673,21,2841,24,73
14393,Wongo Creek,47,18,30,0,1624,6,7
14394,Wongwibinda,62,26,40,0,1449,0,7
14395,Woodberry,3024,658,1254,121,1187,78,207
14396,Woodbine (NSW),2780,1105,1169,78,1714,47,187
14397,Woodburn (Richmond Valley - NSW),743,163,314,14,1386,15,69
14398,Woodburn (Shoalhaven - NSW),74,32,31,0,1687,0,15
14399,Woodcroft (NSW),6597,4137,3533,196,2461,29,495
14400,Woodenbong,390,109,152,6,929,19,84
14401,Woodford (NSW),1953,1005,1020,42,1913,54,302
14402,Woodford Island,306,99,170,7,1483,4,41
14403,Woodhill (NSW),94,54,36,0,1875,3,26
14404,Woodhouselee,23,7,12,0,1374,0,9
14405,Woodlands (Eurobodalla - NSW),59,23,28,0,1375,0,6
14406,Woodlands (Wingecarribee - NSW),294,143,173,3,2360,4,62
14407,Woodlawn,45,18,24,0,1375,0,3
14408,Woodpark,1706,693,620,45,1945,9,78
14409,Woodrising,1176,383,584,37,1634,35,87
14410,Woodside (NSW),59,31,18,3,774,7,7
14411,Woodsreef,59,18,23,0,1083,0,14
14412,Woodstock (Cowra - NSW),792,193,284,14,978,34,114
14413,Woodstock (Inverell - NSW),16,10,15,0,1187,0,6
14414,Woodstock (Shoalhaven - NSW),248,90,121,0,1812,4,44
14415,Woodview,142,45,78,0,1437,6,18
14416,Woodville (NSW),440,157,244,3,2107,7,68
14417,Woody Head,7,0,4,0,1249,0,0
14418,Woolbrook,183,47,80,0,1274,7,35
14419,Woolgarlo,42,11,21,0,1062,0,8
14420,Woolgoolga,6151,2288,2689,165,1190,178,762
14421,Wooli,503,142,176,7,778,20,70
14422,Woollahra,7189,4936,3851,117,3013,113,1130
14423,Woollamia,653,242,307,22,1625,28,82
14424,Woolloomooloo,3792,2517,2194,125,2001,155,481
14425,Woolners Arm,23,0,12,3,949,0,0
14426,Woolomin,260,64,108,4,1160,11,24
14427,Woolooma,35,12,21,0,1687,4,3
14428,Woolooware,5060,2693,2915,76,2228,97,549
14429,Wooloweyah,419,188,231,11,1674,3,88
14430,Woolwich,833,544,371,0,2931,14,150
14431,Woomargama,173,62,91,0,1583,4,24
14432,Woombah,965,271,320,18,953,33,124
14433,Woongarrah,5962,2016,2932,132,2255,95,485
14434,Woonona,12374,5141,5830,211,1816,273,1508
14435,Wootton,228,63,83,8,1125,6,45
14436,Wooyung,139,56,66,10,1093,9,17
14437,Worlds End (NSW),3,0,0,0,900,0,0
14438,Woronora,2043,1004,1130,21,2614,46,295
14439,Woronora Dam,0,0,0,0,0,0,0
14440,Woronora Heights,2781,1382,1657,36,3250,48,330
14441,Worrigee,5384,1692,2526,123,1586,396,525
14442,Worrowing Heights,713,179,57,3,767,63,90
14443,Woy Woy,11072,3814,4391,280,1151,305,973
14444,Woy Woy Bay,423,216,218,4,2416,15,62
14445,Wrathall,17,4,5,0,1437,0,7
14446,Wrights Beach,137,49,70,7,1680,4,15
14447,Wrights Creek (NSW),15,0,4,0,2250,0,0
14448,Wuuluman,859,41,57,0,2041,6,19
14449,Wyalong,620,166,320,12,1404,6,101
14450,Wyan,34,7,17,0,762,0,3
14451,Wyanbene,41,11,13,0,612,0,9
14452,Wyangala,216,60,76,6,1034,4,42
14453,Wyangle,54,16,31,0,2187,0,7
14454,Wybong,100,21,40,0,2062,0,9
14455,Wybung,0,0,0,0,0,0,0
14456,Wyee,2909,776,1257,48,1384,88,289
14457,Wyee Point,1171,330,596,28,1692,31,104
14458,Wylie Creek,13,4,5,0,850,0,0
14459,Wylies Flat,50,12,28,0,1875,0,7
14460,Wymah,30,8,20,0,1666,0,10
14461,Wyndham (NSW),418,155,173,10,941,8,66
14462,Wyneden,42,12,22,0,1062,5,8
14463,Wyoming,10111,3948,4454,245,1408,253,985
14464,Wyong,4530,1491,1812,144,1096,103,390
14465,Wyong Creek,476,217,259,4,2360,15,64
14466,Wyongah,2020,636,1031,71,1622,55,186
14467,Wyrallah,493,189,248,10,1976,16,93
14468,Yabbra,8,9,7,0,900,0,3
14469,Yadboro,8,3,3,0,1875,0,0
14470,Yagon,0,0,0,0,0,0,0
14471,Yagoona,19651,8651,6758,564,1438,98,968
14472,Yalbraith,18,3,6,0,1074,0,8
14473,Yallah,122,35,63,4,2437,0,11
14474,Yallaroi,66,36,45,0,2416,0,21
14475,Yalwal,0,0,0,0,0,0,0
14476,Yamba (NSW),6405,2233,2332,91,1106,280,969
14477,Yambulla,0,0,0,0,0,0,0
14478,Yanco,744,122,291,19,1256,4,116
14479,Yanderra,702,197,369,19,2059,8,64
14480,Yanga,5,0,5,0,3250,0,0
14481,Yankees Creek,0,0,0,0,0,0,0
14482,Yannergee,29,12,13,0,1875,0,8
14483,Yantabulla,22,10,14,0,899,0,10
14484,Yaouk,20,6,5,0,1249,4,9
14485,Yarara,27,5,18,0,2750,0,9
14486,Yarra,138,59,87,0,2094,3,26
14487,Yarrabandai,33,12,18,0,1124,0,5
14488,Yarrabin,96,31,47,0,1291,6,7
14489,Yarragal,14,4,9,0,1375,0,0
14490,Yarragrin,47,13,23,0,762,0,13
14491,Yarragundry,72,38,52,0,2125,4,9
14492,Yarrahapinni,196,83,81,0,1078,10,43
14493,Yarramalong,329,152,180,0,2571,8,54
14494,Yarraman (NSW),10,4,9,0,2750,0,8
14495,Yarramundi,829,311,469,8,2829,26,110
14496,Yarranbella,207,53,74,3,914,5,23
14497,Yarrangobilly,0,0,0,0,0,0,0
14498,Yarras (Bathurst Regional - NSW),9,7,6,0,1274,0,0
14499,Yarras (Port Macquarie-Hastings - NSW),48,13,32,0,1375,0,5
14500,Yarratt Forest,0,0,0,0,0,0,0
14501,Yarravel,1182,305,521,35,1326,33,161
14502,Yarrawa,101,22,53,0,1437,0,11
14503,Yarrawarrah,2775,1322,1458,29,2724,60,385
14504,Yarrawonga (NSW),445,96,169,10,1205,6,41
14505,Yarrawonga Park,390,128,186,8,1316,6,48
14506,Yarrie Lake,73,14,31,5,1375,5,19
14507,Yarrow,3,0,0,0,1125,0,0
14508,Yarrowford,110,34,56,0,1333,3,21
14509,Yarrowitch,171,44,81,3,900,0,49
14510,Yarrowyck,175,61,68,0,1625,3,36
14511,Yass,6763,2667,3320,103,1739,279,1030
14512,Yass River,459,226,265,3,2888,35,97
14513,Yathella,182,79,103,0,2957,0,45
14514,Yattalunga (NSW),580,225,289,11,1896,15,80
14515,Yatte Yattah,189,70,99,9,1625,12,35
14516,Yaven Creek,67,25,33,0,2750,0,13
14517,Yelgun,88,46,41,0,1343,0,5
14518,Yellow Dam,4,0,0,0,450,0,0
14519,Yellow Pinch,64,15,29,0,1416,0,10
14520,Yellow Rock (Blue Mountains - NSW),1119,449,644,8,2635,20,139
14521,Yellow Rock (Shellharbour - NSW),226,73,129,3,2321,5,28
14522,Yenda (NSW),1564,449,861,31,1633,27,173
14523,Yengo National Park,5,3,3,0,2250,0,0
14524,Yennora,1675,602,427,54,900,12,66
14525,Yeoval,330,85,129,7,982,5,50
14526,Yerong Creek,355,77,138,6,1354,6,79
14527,Yerranderie,4,0,0,0,824,0,0
14528,Yerrinbool,1196,344,655,16,1944,33,111
14529,Yerriyong,46,10,23,0,2333,3,7
14530,Yessabah,111,39,41,4,1281,3,15
14531,Yetholme,241,81,116,0,1462,5,46
14532,Yetman,187,54,78,12,1069,0,35
14533,Yippin Creek,758,215,347,9,1553,28,78
14534,Yoogali,1334,389,740,20,2072,15,142
14535,Yorklea,349,69,152,6,1385,9,43
14536,Young,10610,2925,4548,226,1157,233,1306
14537,Yowie Bay,3053,1565,1585,50,2959,60,405
14538,Yowrie,125,54,52,0,900,6,29
14539,Yullundry,35,7,12,0,1375,0,3
14540,Yuraygir,0,5,0,0,750,0,0
14541,Zara,87,27,40,0,1625,0,13
14542,Zetland,12622,9865,8372,499,2192,218,1120
,,,,,,,,
,,,,,,,,
